Rank,Title,Score,YouTube URL,Status
1,https://www.youtube.com/watch?v=-553lTJsw8g,,https://www.youtube.com/watch?v=-553lTJsw8g,"error: 403 PERMISSION_DENIED. {'error': {'code': 403, 'message': 'The caller does not have permission', 'status': 'PERMISSION_DENIED'}}"
2,The Far Door,54,https://www.youtube.com/watch?v=-65nJ9iYS9A,ok
3,NEXUS - FutureVision XPRIZE Short Film,16,https://www.youtube.com/watch?v=-W0l6ki_DgY,ok
4,Future Vision XPRIZE: Mirror // Loop,54,https://www.youtube.com/watch?v=-ZHbKwKl1R8,ok
5,EMPATHI by Phara33,39,https://www.youtube.com/watch?v=-gWmNRvnfTk,ok
6,https://www.youtube.com/watch?v=-kbgckeUSVs,,https://www.youtube.com/watch?v=-kbgckeUSVs,"error: 403 PERMISSION_DENIED. {'error': {'code': 403, 'message': 'The caller does not have permission', 'status': 'PERMISSION_DENIED'}}"
7,https://www.youtube.com/watch?v=-tQaltYYTmE,,https://www.youtube.com/watch?v=-tQaltYYTmE,"error: 403 PERMISSION_DENIED. {'error': {'code': 403, 'message': 'The caller does not have permission', 'status': 'PERMISSION_DENIED'}}"
8,https://www.youtube.com/watch?v=-vhJYKPtBdg,,https://www.youtube.com/watch?v=-vhJYKPtBdg,"error: 403 PERMISSION_DENIED. {'error': {'code': 403, 'message': 'The caller does not have permission', 'status': 'PERMISSION_DENIED'}}"
9,https://www.youtube.com/watch?v=-xQIRoL6YxU,,https://www.youtube.com/watch?v=-xQIRoL6YxU,"error: 403 PERMISSION_DENIED. {'error': {'code': 403, 'message': 'The caller does not have permission', 'status': 'PERMISSION_DENIED'}}"
10,https://www.youtube.com/watch?v=-xTOhbWFw4E,,https://www.youtube.com/watch?v=-xTOhbWFw4E,"error: 403 PERMISSION_DENIED. {'error': {'code': 403, 'message': 'The caller does not have permission', 'status': 'PERMISSION_DENIED'}}"
11,The Last Billionaire,48,https://www.youtube.com/watch?v=01EIaBmx0lo,ok
12,Outback Horizon Trailer,52,https://www.youtube.com/watch?v=02aUrxAXrkU,ok
13,Under the Same Sky,39,https://www.youtube.com/watch?v=06HWhayMbqM,ok
14,The Future is for Everyone,54,https://www.youtube.com/watch?v=09sfq5RiFGg,ok
15,The Oneironaut - Future Vision XPRIZE,54,https://www.youtube.com/watch?v=0AskDPcUQHI,ok
16,https://www.youtube.com/watch?v=0B8csOjcHlU,,https://www.youtube.com/watch?v=0B8csOjcHlU,"error: 503 UNAVAILABLE. {'error': {'code': 503, 'message': 'This model is currently experiencing high demand. Spikes in demand are usually temporary. Please try again later.', 'status': 'UNAVAILABLE'}}"
17,THE LAST ARCHEOLOGIST,51,https://www.youtube.com/watch?v=0DAmGcenjbY,ok
18,https://www.youtube.com/watch?v=0KZa1zScwBQ,,https://www.youtube.com/watch?v=0KZa1zScwBQ,"error: 403 PERMISSION_DENIED. {'error': {'code': 403, 'message': 'The caller does not have permission', 'status': 'PERMISSION_DENIED'}}"
19,Singularity - Future Vision XPRIZE Trailer,50,https://www.youtube.com/watch?v=0L5vvM-KoQI,ok
20,Intense Interrogation Scene,-7,https://www.youtube.com/watch?v=0OHL3gxe2k4,ok
21,Coherence,51,https://www.youtube.com/watch?v=0R3WVOcqnGw,ok
22,Fastship: Forward,32,https://www.youtube.com/watch?v=0R7PLs-Bwaw,ok
23,Future Vision XPRIZE,54,https://www.youtube.com/watch?v=0gHYOs95OpY,ok
24,https://www.youtube.com/watch?v=0ldMGT_FpAo,,https://www.youtube.com/watch?v=0ldMGT_FpAo,"error: 403 PERMISSION_DENIED. {'error': {'code': 403, 'message': 'The caller does not have permission', 'status': 'PERMISSION_DENIED'}}"
25,Scout: Book 1 and 2 Character Arc,54,https://www.youtube.com/watch?v=0uuGVAQI01g,ok
26,https://www.youtube.com/watch?v=12XjsbnmT5U,,https://www.youtube.com/watch?v=12XjsbnmT5U,"error: 403 PERMISSION_DENIED. {'error': {'code': 403, 'message': 'The caller does not have permission', 'status': 'PERMISSION_DENIED'}}"
27,Mosaic: A Future Vision XPRIZE Film,27,https://www.youtube.com/watch?v=132vUe_sR1w,ok
28,A Short Film About Life in The Nest,54,https://www.youtube.com/watch?v=18ff8JEzowU,ok
29,https://www.youtube.com/watch?v=1DX4kw3BwYI,,https://www.youtube.com/watch?v=1DX4kw3BwYI,"error: 403 PERMISSION_DENIED. {'error': {'code': 403, 'message': 'The caller does not have permission', 'status': 'PERMISSION_DENIED'}}"
30,https://www.youtube.com/watch?v=1DcjupsXv7s,,https://www.youtube.com/watch?v=1DcjupsXv7s,"error: 403 PERMISSION_DENIED. {'error': {'code': 403, 'message': 'The caller does not have permission', 'status': 'PERMISSION_DENIED'}}"
31,OBZAV: Building Optimistic Visions of the Future,38,https://www.youtube.com/watch?v=1E-rorFo50k,ok
32,ZERO POINT FIFTY - Future Vision XPRIZE,40,https://www.youtube.com/watch?v=1IALHamr9Iw,ok
33,Fortress Eternal,54,https://www.youtube.com/watch?v=1MZkdLLQZ8Y,ok
34,https://www.youtube.com/watch?v=1NjJ3DPmXXo,,https://www.youtube.com/watch?v=1NjJ3DPmXXo,"error: 403 PERMISSION_DENIED. {'error': {'code': 403, 'message': 'The caller does not have permission', 'status': 'PERMISSION_DENIED'}}"
35,HORIZON,37,https://www.youtube.com/watch?v=1Pr1c4bxr84,ok
36,JANUS - A Sci-Fi Short Film,15,https://www.youtube.com/watch?v=1Q8Vt-r7WRk,ok
37,https://www.youtube.com/watch?v=1ZUmHP9W4Ys,,https://www.youtube.com/watch?v=1ZUmHP9W4Ys,"error: 403 PERMISSION_DENIED. {'error': {'code': 403, 'message': 'The caller does not have permission', 'status': 'PERMISSION_DENIED'}}"
38,https://www.youtube.com/watch?v=1bON_G6e_m4,,https://www.youtube.com/watch?v=1bON_G6e_m4,"error: 403 PERMISSION_DENIED. {'error': {'code': 403, 'message': 'The caller does not have permission', 'status': 'PERMISSION_DENIED'}}"
39,The Origin Protocols,44,https://www.youtube.com/watch?v=1epQvRVyBOE,ok
40,A Beautiful Future,51,https://www.youtube.com/watch?v=1gaLSP6I05Q,ok
41,https://www.youtube.com/watch?v=1q4B7m2Tcj8,,https://www.youtube.com/watch?v=1q4B7m2Tcj8,"error: 400 INVALID_ARGUMENT. {'error': {'code': 400, 'message': 'The input token count exceeds the maximum number of tokens allowed 1048576.', 'status': 'INVALID_ARGUMENT'}}"
42,NEVARA - Future Vision XPRIZE,52,https://www.youtube.com/watch?v=2G01CbpTdaA,ok
43,BLUE TO MARS,54,https://www.youtube.com/watch?v=2bFr4he1jVI,ok
44,Casconal: A Future Vision XPRIZE Film,54,https://www.youtube.com/watch?v=2cvWRFBcHCU,ok
45,https://www.youtube.com/watch?v=2krWtMEoMe0,,https://www.youtube.com/watch?v=2krWtMEoMe0,"error: 403 PERMISSION_DENIED. {'error': {'code': 403, 'message': 'The caller does not have permission', 'status': 'PERMISSION_DENIED'}}"
46,Two Minds One Road: A Human-AI Collaboration Story,25,https://www.youtube.com/watch?v=2qzyyqIQ-nk,ok
47,The Autobiography of Astra Girl V,54,https://www.youtube.com/watch?v=35WD4sW3NAI,ok
48,Humanity's Last Exam,52,https://www.youtube.com/watch?v=3eXDBZ_md4Y,ok
49,TRANSITUS THE CROSSING BEGINS,50,https://www.youtube.com/watch?v=3lGFef0dIac,ok
50,The New Axial: A Story of Scientific Breakthrough,51,https://www.youtube.com/watch?v=3pdFi8tiDQ0,ok
51,AI and Consciousness Inquiry,0,https://www.youtube.com/watch?v=3s4BqrPXMfs,ok
52,The Messengers - Future Vision XPRIZE,-3,https://www.youtube.com/watch?v=3zLPBGMJU5Q,ok
53,The Future Was Yesterday,54,https://www.youtube.com/watch?v=41EZG15dQ9c,ok
54,Future Vision XPRIZE: Building Optimistic Visions of the Future,53,https://www.youtube.com/watch?v=441yV2zsW7Y,ok
55,Awaken Wilder - Future Vision XPRIZE Trailer,51,https://www.youtube.com/watch?v=4AfEiFyTvSM,ok
56,https://www.youtube.com/watch?v=4CDQ0GaDDeI,,https://www.youtube.com/watch?v=4CDQ0GaDDeI,"error: 403 PERMISSION_DENIED. {'error': {'code': 403, 'message': 'The caller does not have permission', 'status': 'PERMISSION_DENIED'}}"
57,Spaceship Flying Over Alien Landscape,9,https://www.youtube.com/watch?v=4DpxKtElGdA,ok
58,https://www.youtube.com/watch?v=4Qd3HrleUbM,,https://www.youtube.com/watch?v=4Qd3HrleUbM,"error: 403 PERMISSION_DENIED. {'error': {'code': 403, 'message': 'The caller does not have permission', 'status': 'PERMISSION_DENIED'}}"
59,A Vision of Humanity's Future,51,https://www.youtube.com/watch?v=4Vzm8u62_TA,ok
60,Future Vision XPRIZE: The Bee Mission,39,https://www.youtube.com/watch?v=4W_wunGXmd0,ok
61,The Exponentials: Building Optimistic Visions of the Future,52,https://www.youtube.com/watch?v=4brKezLKBko,ok
62,The Last Days (Nook and Cranny) - Future Vision XPRIZE,22,https://www.youtube.com/watch?v=4dwjyjh5t8w,ok
63,APOTHEOSIS - Future Vision XPRIZE,44,https://www.youtube.com/watch?v=4qSMvNSiiS4,ok
64,https://www.youtube.com/watch?v=4yV2Thp1KhE,,https://www.youtube.com/watch?v=4yV2Thp1KhE,"error: 403 PERMISSION_DENIED. {'error': {'code': 403, 'message': 'The caller does not have permission', 'status': 'PERMISSION_DENIED'}}"
65,2060 The Last Leaf,26,https://www.youtube.com/watch?v=4yuVe7FfzYw,ok
66,The Future We Build,43,https://www.youtube.com/watch?v=580WagMbn6c,ok
67,On The 8th Day - Future Vision XPRIZE,51,https://www.youtube.com/watch?v=5CQsPIeMgig,ok
68,https://www.youtube.com/watch?v=5EXV9mj6tGg,,https://www.youtube.com/watch?v=5EXV9mj6tGg,"error: 403 PERMISSION_DENIED. {'error': {'code': 403, 'message': 'The caller does not have permission', 'status': 'PERMISSION_DENIED'}}"
69,THE WHEEL,53,https://www.youtube.com/watch?v=5NScSKI5ctQ,ok
70,Letters From Mars: Future Vision XPRIZE,54,https://www.youtube.com/watch?v=5OnXo2-tdIw,ok
71,What We Make Possible,53,https://www.youtube.com/watch?v=5PaIowpL3DY,ok
72,https://www.youtube.com/watch?v=5WRiIKGTcO8,,https://www.youtube.com/watch?v=5WRiIKGTcO8,"error: 403 PERMISSION_DENIED. {'error': {'code': 403, 'message': 'The caller does not have permission', 'status': 'PERMISSION_DENIED'}}"
73,The Future of Work,51,https://www.youtube.com/watch?v=5Zl-pwKtP50,ok
74,A Wish for Water,43,https://www.youtube.com/watch?v=5hPLbWqc6Vs,ok
75,A Vision for Humanity's Future,40,https://www.youtube.com/watch?v=5lqvaunJV90,ok
76,PULSE - Future Vision XPRIZE Trailer,26,https://www.youtube.com/watch?v=5pZ39JJI1Zg,ok
77,BLAST RADIUS,27,https://www.youtube.com/watch?v=5vYsWMJ1MjU,ok
78,https://www.youtube.com/watch?v=5xt73A4hfjY,,https://www.youtube.com/watch?v=5xt73A4hfjY,"error: 403 PERMISSION_DENIED. {'error': {'code': 403, 'message': 'The caller does not have permission', 'status': 'PERMISSION_DENIED'}}"
79,https://www.youtube.com/watch?v=62PPy_hAToA,,https://www.youtube.com/watch?v=62PPy_hAToA,"error: 1 validation error for VideoAnalysisResult
  Invalid JSON: EOF while parsing a string at line 2 column 62151 [type=json_invalid, input_value='{\n  ""video_url"": ""https...2_2_2_2_2_2_2_2_2_2_2_2', input_type=str]
    For further information visit https://errors.pydantic.dev/2.13/v/json_invalid"
80,https://www.youtube.com/watch?v=67zz9s9gYXw,,https://www.youtube.com/watch?v=67zz9s9gYXw,"error: 403 PERMISSION_DENIED. {'error': {'code': 403, 'message': 'The caller does not have permission', 'status': 'PERMISSION_DENIED'}}"
81,ROCIO: A Concept by Michael Vang,12,https://www.youtube.com/watch?v=69HNmo2xnOQ,ok
82,Shadow of History - Future Vision XPRIZE Trailer,39,https://www.youtube.com/watch?v=6L-3VT_-nxs,ok
83,STARKEEPERS,53,https://www.youtube.com/watch?v=6UPSk9INVTs,ok
84,Singularity - Future Vision XPRIZE,53,https://www.youtube.com/watch?v=6Z27RxYEb7U,ok
85,OTIUM: The End of Necessity,54,https://www.youtube.com/watch?v=6jIBqtbzyX4,ok
86,CURIOSITY,39,https://www.youtube.com/watch?v=6qXGL9j21kE,ok
87,https://www.youtube.com/watch?v=6qrNREXTpXQ,,https://www.youtube.com/watch?v=6qrNREXTpXQ,"error: 403 PERMISSION_DENIED. {'error': {'code': 403, 'message': 'The caller does not have permission', 'status': 'PERMISSION_DENIED'}}"
88,The Future Remembers - Studio Blue Zebra,43,https://www.youtube.com/watch?v=71Oewgnb6D8,ok
89,2093,34,https://www.youtube.com/watch?v=74JxBKX3HdA,ok
90,Project Mars: Designing Humanity's First City on Mars,54,https://www.youtube.com/watch?v=7DavR75QacU,ok
91,https://www.youtube.com/watch?v=7EZJfHItySQ,,https://www.youtube.com/watch?v=7EZJfHItySQ,"error: 403 PERMISSION_DENIED. {'error': {'code': 403, 'message': 'The caller does not have permission', 'status': 'PERMISSION_DENIED'}}"
92,The Future of Work,51,https://www.youtube.com/watch?v=7OC_GsjLGdY,ok
93,deluge protocol,25,https://www.youtube.com/watch?v=7RXLDRZC1wQ,ok
94,https://www.youtube.com/watch?v=7VZVKTTG5m8,,https://www.youtube.com/watch?v=7VZVKTTG5m8,"error: 403 PERMISSION_DENIED. {'error': {'code': 403, 'message': 'The caller does not have permission', 'status': 'PERMISSION_DENIED'}}"
95,https://www.youtube.com/watch?v=7WYvdzQrsHc,,https://www.youtube.com/watch?v=7WYvdzQrsHc,"error: 403 PERMISSION_DENIED. {'error': {'code': 403, 'message': 'The caller does not have permission', 'status': 'PERMISSION_DENIED'}}"
96,Humanity Forward: Building Optimistic Visions of the Future,54,https://www.youtube.com/watch?v=7WkR9ZQgqt4,ok
97,FUTUREVISION XPRIZE: Building Optimistic Visions of the Future,53,https://www.youtube.com/watch?v=7gJt6MwcyP0,ok
98,The Last Generation to Die - Feature Film Pitch,49,https://www.youtube.com/watch?v=7nFjVXgnT58,ok
99,The Eternal Waterfall,53,https://www.youtube.com/watch?v=7tCul7-kMBo,ok
100,The Calling: A Future Vision XPRIZE Film,53,https://www.youtube.com/watch?v=85jmaoCri1U,ok
101,The Museum of Impossible Things,39,https://www.youtube.com/watch?v=8AjZvYIBjzE,ok
102,https://www.youtube.com/watch?v=8F0cTDMr9SY,,https://www.youtube.com/watch?v=8F0cTDMr9SY,"error: 403 PERMISSION_DENIED. {'error': {'code': 403, 'message': 'The caller does not have permission', 'status': 'PERMISSION_DENIED'}}"
103,https://www.youtube.com/watch?v=8MF8PZaXfa4,,https://www.youtube.com/watch?v=8MF8PZaXfa4,"error: 403 PERMISSION_DENIED. {'error': {'code': 403, 'message': 'The caller does not have permission', 'status': 'PERMISSION_DENIED'}}"
104,Satoshi Returns: War of Frequencies,36,https://www.youtube.com/watch?v=8ToDEpNuNHU,ok
105,A Vision of Humanity's Future,51,https://www.youtube.com/watch?v=8Xvj8yb0XIw,ok
106,Type One: A Future Vision XPRIZE Film,54,https://www.youtube.com/watch?v=8_FRos7t5dQ,ok
107,https://www.youtube.com/watch?v=8_Hi33lAaGc,,https://www.youtube.com/watch?v=8_Hi33lAaGc,"error: 403 PERMISSION_DENIED. {'error': {'code': 403, 'message': 'The caller does not have permission', 'status': 'PERMISSION_DENIED'}}"
108,ALIGNMENT Beyond the LIMIT,36,https://www.youtube.com/watch?v=8eMBwFSIt3A,ok
109,Pando: Future Vision XPRIZE Short Film,35,https://www.youtube.com/watch?v=8nR2rgushbg,ok
110,https://www.youtube.com/watch?v=8uifNFgzybQ,,https://www.youtube.com/watch?v=8uifNFgzybQ,"error: 403 PERMISSION_DENIED. {'error': {'code': 403, 'message': 'The caller does not have permission', 'status': 'PERMISSION_DENIED'}}"
111,The Listening Chamber,54,https://www.youtube.com/watch?v=95NzLfrILkQ,ok
112,The Seed: When Food Becomes Power,14,https://www.youtube.com/watch?v=9byZlFg_YC4,ok
113,The Banting's Disease,8,https://www.youtube.com/watch?v=9iWpyyl2b_k,ok
114,Two Witnesses - Future Vision XPRIZE,47,https://www.youtube.com/watch?v=9lhJ98TEkFc,ok
115,A Vision of Humanity's Future,51,https://www.youtube.com/watch?v=9qFUC4uVfoY,ok
116,The Architects: Future Vision Abundance,28,https://www.youtube.com/watch?v=9s_coypNCcA,ok
117,The Shore - A Future Vision XPRIZE Film,54,https://www.youtube.com/watch?v=9vPtuZxEkBY,ok
118,See You In A Hundred Years,24,https://www.youtube.com/watch?v=9wOToinZSqE,ok
119,The Forever Machine,51,https://www.youtube.com/watch?v=A0qCJFjzdrU,ok
120,The Mindset Chronicles Trailer,39,https://www.youtube.com/watch?v=AAmfvLAeagw,ok
121,Zero Frequency,51,https://www.youtube.com/watch?v=ABR1q5yiZ-s,ok
122,https://www.youtube.com/watch?v=AFiCkuB_lB4,,https://www.youtube.com/watch?v=AFiCkuB_lB4,"error: 403 PERMISSION_DENIED. {'error': {'code': 403, 'message': 'The caller does not have permission', 'status': 'PERMISSION_DENIED'}}"
123,The Generation That Will Build on Mars,41,https://www.youtube.com/watch?v=AH-DcWiXTZA,ok
124,Ours to Build,53,https://www.youtube.com/watch?v=AMWPMJQ5OW8,ok
125,REGENESIS - Future Vision XPRIZE,26,https://www.youtube.com/watch?v=AP4o6y9OwC8,ok
126,Ars Longa - Future Vision XPRIZE,49,https://www.youtube.com/watch?v=AUtYKl1mfdo,ok
127,A Vision of Humanity's Future,51,https://www.youtube.com/watch?v=AcjUPmFCj74,ok
128,The Architect,54,https://www.youtube.com/watch?v=AeYvgjzLPf0,ok
129,https://www.youtube.com/watch?v=AeqMrSy_gT8,,https://www.youtube.com/watch?v=AeqMrSy_gT8,"error: 403 PERMISSION_DENIED. {'error': {'code': 403, 'message': 'The caller does not have permission', 'status': 'PERMISSION_DENIED'}}"
130,Aurora Cosmos Starport,39,https://www.youtube.com/watch?v=Am7Fs3j5LDI,ok
131,Journey to the Stars,39,https://www.youtube.com/watch?v=AmbDmBsN4G4,ok
132,Lucky Weds Annie - Future Vision XPRIZE,54,https://www.youtube.com/watch?v=AxLY3H_qmu4,ok
133,The Scroll of Moirai,27,https://www.youtube.com/watch?v=Azvq2zIiMnY,ok
134,https://www.youtube.com/watch?v=B4FIvkbO7gU,,https://www.youtube.com/watch?v=B4FIvkbO7gU,"error: 403 PERMISSION_DENIED. {'error': {'code': 403, 'message': 'The caller does not have permission', 'status': 'PERMISSION_DENIED'}}"
135,ARIA 137 - A Future Vision XPRIZE Film,39,https://www.youtube.com/watch?v=BD9KOz8tLaM,ok
136,Familiar,34,https://www.youtube.com/watch?v=BKOnZxRGg7g,ok
137,https://www.youtube.com/watch?v=BLLC6fnlICc,,https://www.youtube.com/watch?v=BLLC6fnlICc,"error: 403 PERMISSION_DENIED. {'error': {'code': 403, 'message': 'The caller does not have permission', 'status': 'PERMISSION_DENIED'}}"
138,https://www.youtube.com/watch?v=BMgPOwsvtK4,,https://www.youtube.com/watch?v=BMgPOwsvtK4,"error: 403 PERMISSION_DENIED. {'error': {'code': 403, 'message': 'The caller does not have permission', 'status': 'PERMISSION_DENIED'}}"
139,Future Vision XPRIZE: Building Optimistic Visions of the Future,50,https://www.youtube.com/watch?v=BS81S-h0370,ok
140,The Last Day Without Sun,26,https://www.youtube.com/watch?v=BeZEayADLuk,ok
141,https://www.youtube.com/watch?v=BirZKmikcwk,,https://www.youtube.com/watch?v=BirZKmikcwk,"error: 403 PERMISSION_DENIED. {'error': {'code': 403, 'message': 'The caller does not have permission', 'status': 'PERMISSION_DENIED'}}"
142,Future Vision XPRIZE: Building Optimistic Visions of the Future,50,https://www.youtube.com/watch?v=BiuXbo5FMXc,ok
143,https://www.youtube.com/watch?v=BlI8Wd-qTtc,,https://www.youtube.com/watch?v=BlI8Wd-qTtc,"error: 1 validation error for VideoAnalysisResult
  Invalid JSON: EOF while parsing a string at line 2 column 61614 [type=json_invalid, input_value='{\n  ""video_url"": ""https..._2_2_2_2_2_2_2_2_2_2_2_', input_type=str]
    For further information visit https://errors.pydantic.dev/2.13/v/json_invalid"
144,The Story Seed,53,https://www.youtube.com/watch?v=BlqwNEHlCi4,ok
145,LUNAR,54,https://www.youtube.com/watch?v=Bm4JXS0W3yg,ok
146,https://www.youtube.com/watch?v=Bn7Tzmj-0Qs,,https://www.youtube.com/watch?v=Bn7Tzmj-0Qs,"error: 403 PERMISSION_DENIED. {'error': {'code': 403, 'message': 'The caller does not have permission', 'status': 'PERMISSION_DENIED'}}"
147,https://www.youtube.com/watch?v=BtNGe8PbhAA,,https://www.youtube.com/watch?v=BtNGe8PbhAA,"error: 403 PERMISSION_DENIED. {'error': {'code': 403, 'message': 'The caller does not have permission', 'status': 'PERMISSION_DENIED'}}"
148,Good Earth - Future Vision XPRIZE,54,https://www.youtube.com/watch?v=BwJ9nBZ4SBw,ok
149,THE SPACE PIRATE'S CODE: NOAH,42,https://www.youtube.com/watch?v=C-VJLpfnkEI,ok
150,The Alpha Bet,29,https://www.youtube.com/watch?v=C-dZ-6Og92A,ok
151,Table for Twelve Billion,53,https://www.youtube.com/watch?v=C1juQELwNhw,ok
152,Bring Back Bruce,29,https://www.youtube.com/watch?v=C3aGyHLqdy4,ok
153,https://www.youtube.com/watch?v=C8B4xbckO9Y,,https://www.youtube.com/watch?v=C8B4xbckO9Y,"error: 403 PERMISSION_DENIED. {'error': {'code': 403, 'message': 'The caller does not have permission', 'status': 'PERMISSION_DENIED'}}"
154,FRATERNITÉ - A Future Vision XPRIZE Film,43,https://www.youtube.com/watch?v=CGTjb5MPAmM,ok
155,https://www.youtube.com/watch?v=CKJFC4LpeuU,,https://www.youtube.com/watch?v=CKJFC4LpeuU,"error: 403 PERMISSION_DENIED. {'error': {'code': 403, 'message': 'The caller does not have permission', 'status': 'PERMISSION_DENIED'}}"
156,Everything That Lives,39,https://www.youtube.com/watch?v=CKKWMkfyd4Y,ok
157,The Conductor,53,https://www.youtube.com/watch?v=CRpdWW1v0SQ,ok
158,The Long Way,52,https://www.youtube.com/watch?v=CUXs1R_rC2k,ok
159,Tomorrow Today,53,https://www.youtube.com/watch?v=CV3aTdP_j5g,ok
160,PROTAEVUM,51,https://www.youtube.com/watch?v=CVM4NEW4ZDU,ok
161,After Eternity | FutureVision X Prize,53,https://www.youtube.com/watch?v=CY-8nPEaBXs,ok
162,https://www.youtube.com/watch?v=CYMwMerFm4A,,https://www.youtube.com/watch?v=CYMwMerFm4A,"error: 403 PERMISSION_DENIED. {'error': {'code': 403, 'message': 'The caller does not have permission', 'status': 'PERMISSION_DENIED'}}"
163,The Hanalei Churn,39,https://www.youtube.com/watch?v=CZwmUIsqjs4,ok
164,Signature,54,https://www.youtube.com/watch?v=Cj2Gtv2K6fE,ok
165,Slingshot Initiative: Moving Earth to Safety,44,https://www.youtube.com/watch?v=ClWd4e6rOWk,ok
166,https://www.youtube.com/watch?v=Ct4g4xWCKso,,https://www.youtube.com/watch?v=Ct4g4xWCKso,"error: 403 PERMISSION_DENIED. {'error': {'code': 403, 'message': 'The caller does not have permission', 'status': 'PERMISSION_DENIED'}}"
167,Singularity: A Future Vision,44,https://www.youtube.com/watch?v=CtEz2YGC2JU,ok
168,Public Domain,23,https://www.youtube.com/watch?v=CzzddXaEM1s,ok
169,https://www.youtube.com/watch?v=D04Zk5I3sf0,,https://www.youtube.com/watch?v=D04Zk5I3sf0,"error: 403 PERMISSION_DENIED. {'error': {'code': 403, 'message': 'The caller does not have permission', 'status': 'PERMISSION_DENIED'}}"
170,Roger Roger Compilation,-13,https://www.youtube.com/watch?v=D2jAwlorN30,ok
171,PROSPHER - Future Vision XPRIZE,23,https://www.youtube.com/watch?v=D4aDa2twX3c,ok
172,The World We Chose,53,https://www.youtube.com/watch?v=D9DAxJLdgOc,ok
173,Future Vision XPRIZE: Building Optimistic Visions of the Future,50,https://www.youtube.com/watch?v=DE7KVP-S2Rw,ok
174,https://www.youtube.com/watch?v=DNZmZ0gI6JE,,https://www.youtube.com/watch?v=DNZmZ0gI6JE,"error: 1 validation error for VideoAnalysisResult
  JSON input should be string, bytes or bytearray [type=json_type, input_value=None, input_type=NoneType]
    For further information visit https://errors.pydantic.dev/2.13/v/json_type"
175,https://www.youtube.com/watch?v=DP87-ZyYktc,,https://www.youtube.com/watch?v=DP87-ZyYktc,"error: 403 PERMISSION_DENIED. {'error': {'code': 403, 'message': 'The caller does not have permission', 'status': 'PERMISSION_DENIED'}}"
176,The Weave,53,https://www.youtube.com/watch?v=DX0Mwovg7xQ,ok
177,https://www.youtube.com/watch?v=DYnDD4jHGGQ,,https://www.youtube.com/watch?v=DYnDD4jHGGQ,"error: 403 PERMISSION_DENIED. {'error': {'code': 403, 'message': 'The caller does not have permission', 'status': 'PERMISSION_DENIED'}}"
178,https://www.youtube.com/watch?v=DZY8I7b5huA,,https://www.youtube.com/watch?v=DZY8I7b5huA,"error: 403 PERMISSION_DENIED. {'error': {'code': 403, 'message': 'The caller does not have permission', 'status': 'PERMISSION_DENIED'}}"
179,UMWELT - Future Vision XPRIZE,52,https://www.youtube.com/watch?v=DaDgfYiMp78,ok
180,The Glass Age,51,https://www.youtube.com/watch?v=DmmyIvV1C1U,ok
181,https://www.youtube.com/watch?v=DnjoLENPumc,,https://www.youtube.com/watch?v=DnjoLENPumc,"error: 403 PERMISSION_DENIED. {'error': {'code': 403, 'message': 'The caller does not have permission', 'status': 'PERMISSION_DENIED'}}"
182,https://www.youtube.com/watch?v=Dss0JkyiU-0,,https://www.youtube.com/watch?v=Dss0JkyiU-0,"error: 403 PERMISSION_DENIED. {'error': {'code': 403, 'message': 'The caller does not have permission', 'status': 'PERMISSION_DENIED'}}"
183,"Printed Dawn: A New World, A Second Chance, A Human Choice",52,https://www.youtube.com/watch?v=DupiOMxBr5k,ok
184,https://www.youtube.com/watch?v=E194Nfwq8ew,,https://www.youtube.com/watch?v=E194Nfwq8ew,"error: 403 PERMISSION_DENIED. {'error': {'code': 403, 'message': 'The caller does not have permission', 'status': 'PERMISSION_DENIED'}}"
185,SYNAPSE,48,https://www.youtube.com/watch?v=E2Qu-yNxZDM,ok
186,Wounded Wonders,50,https://www.youtube.com/watch?v=E451lFpM2PU,ok
187,https://www.youtube.com/watch?v=E9plEFNUbD8,,https://www.youtube.com/watch?v=E9plEFNUbD8,"error: 403 PERMISSION_DENIED. {'error': {'code': 403, 'message': 'The caller does not have permission', 'status': 'PERMISSION_DENIED'}}"
188,DREAM - Future Vision XPRIZE,10,https://www.youtube.com/watch?v=EcPKlNCoWGQ,ok
189,https://www.youtube.com/watch?v=EdijVFjF9rw,,https://www.youtube.com/watch?v=EdijVFjF9rw,"error: 403 PERMISSION_DENIED. {'error': {'code': 403, 'message': 'The caller does not have permission', 'status': 'PERMISSION_DENIED'}}"
190,Parnassus Null - Future Vision XPRIZE,43,https://www.youtube.com/watch?v=EnWvfXBUk1M,ok
191,The Summer We Found Tomorrow,48,https://www.youtube.com/watch?v=ErgNjcHjabk,ok
192,Homer Chants USA While Driving,-29,https://www.youtube.com/watch?v=EwLWNXFH2rg,ok
193,ZERO WAKE-VR/SCI-FI SCREENPLAY AI VIDEO,13,https://www.youtube.com/watch?v=ExLJo677wFA,ok
194,https://www.youtube.com/watch?v=Ezje1K9wbhw,,https://www.youtube.com/watch?v=Ezje1K9wbhw,"error: 403 PERMISSION_DENIED. {'error': {'code': 403, 'message': 'The caller does not have permission', 'status': 'PERMISSION_DENIED'}}"
195,Future Vision XPRIZE: Eli's Story,51,https://www.youtube.com/watch?v=F27WRi5AceM,ok
196,https://www.youtube.com/watch?v=F2FLMuJJdlo,,https://www.youtube.com/watch?v=F2FLMuJJdlo,"error: 403 PERMISSION_DENIED. {'error': {'code': 403, 'message': 'The caller does not have permission', 'status': 'PERMISSION_DENIED'}}"
197,The Last Frontier: A Future Worth Living For,53,https://www.youtube.com/watch?v=F38EyJvTqjk,ok
198,https://www.youtube.com/watch?v=F4bVayfdJys,,https://www.youtube.com/watch?v=F4bVayfdJys,"error: 403 PERMISSION_DENIED. {'error': {'code': 403, 'message': 'The caller does not have permission', 'status': 'PERMISSION_DENIED'}}"
199,HOLD - Future Vision XPRIZE,29,https://www.youtube.com/watch?v=FDMAzNDtgFw,ok
200,EON - Future Vision XPRIZE,54,https://www.youtube.com/watch?v=FGgKyVeFo-I,ok
201,The Breath We Share,40,https://www.youtube.com/watch?v=FHmBerFF27U,ok
202,https://www.youtube.com/watch?v=FQEay--sYkE,,https://www.youtube.com/watch?v=FQEay--sYkE,"error: 403 PERMISSION_DENIED. {'error': {'code': 403, 'message': 'The caller does not have permission', 'status': 'PERMISSION_DENIED'}}"
203,https://www.youtube.com/watch?v=FS5bEYzm4ZE,,https://www.youtube.com/watch?v=FS5bEYzm4ZE,"error: 403 PERMISSION_DENIED. {'error': {'code': 403, 'message': 'The caller does not have permission', 'status': 'PERMISSION_DENIED'}}"
204,PROVENANCE: THE FUTURE WE OWN.,53,https://www.youtube.com/watch?v=FSCGcxD-o-s,ok
205,https://www.youtube.com/watch?v=FSvvOqT8zN8,,https://www.youtube.com/watch?v=FSvvOqT8zN8,"error: 403 PERMISSION_DENIED. {'error': {'code': 403, 'message': 'The caller does not have permission', 'status': 'PERMISSION_DENIED'}}"
206,Tokuo: A Different OS,50,https://www.youtube.com/watch?v=FTaJpL39BhI,ok
207,Age of Discovery 2.0,54,https://www.youtube.com/watch?v=FVcZE7_uNY0,ok
208,https://www.youtube.com/watch?v=FVyv2Of5VRs,,https://www.youtube.com/watch?v=FVyv2Of5VRs,"error: 1 validation error for VideoAnalysisResult
  Invalid JSON: EOF while parsing a string at line 2 column 63346 [type=json_invalid, input_value='{\n  ""video_url"": ""https..._2_2_2_2_2_2_2_2_2_2_2_', input_type=str]
    For further information visit https://errors.pydantic.dev/2.13/v/json_invalid"
209,Space Adventure: Escape from Reptilian Aliens,16,https://www.youtube.com/watch?v=FbrQVpMkVlo,ok
210,The Memory Garden,53,https://www.youtube.com/watch?v=FmXjhWHs_UM,ok
211,Project Mars: Dibbs,37,https://www.youtube.com/watch?v=FoA_Z7uWWTY,ok
212,The Amazing Tale of Space,51,https://www.youtube.com/watch?v=Fta-ZCydPuM,ok
213,Building Optimistic Visions of the Future,44,https://www.youtube.com/watch?v=G1f25UcWAlA,ok
214,Grandma Nina's Future,40,https://www.youtube.com/watch?v=G5gVVDCQZCc,ok
215,https://www.youtube.com/watch?v=GFBmmi7z53E,,https://www.youtube.com/watch?v=GFBmmi7z53E,"error: 403 PERMISSION_DENIED. {'error': {'code': 403, 'message': 'The caller does not have permission', 'status': 'PERMISSION_DENIED'}}"
216,The True Layer,50,https://www.youtube.com/watch?v=GSIKUpaaJ6I,ok
217,Jessie,51,https://www.youtube.com/watch?v=Girn8j4DHZA,ok
218,Future Vision XPRIZE - Official Competition Entry,42,https://www.youtube.com/watch?v=Gj3cQu6eAEI,ok
219,Beyond The Ledger - A Kenny Carpenter trailer short,37,https://www.youtube.com/watch?v=GvAZkSs5N3o,ok
220,PARDES - A Future Vision XPRIZE Film,51,https://www.youtube.com/watch?v=Gz2PSXhNqMg,ok
221,METXY - Future Vision XPRIZE,39,https://www.youtube.com/watch?v=GzAgt1C4g84,ok
222,Building Optimistic Visions of the Future,53,https://www.youtube.com/watch?v=H01DKsxLJxI,ok
223,Space Academy: Future Vision XPRIZE,1,https://www.youtube.com/watch?v=H3fsTjdGSO8,ok
224,Zeolite - Future Vision XPRIZE Trailer,28,https://www.youtube.com/watch?v=H8LkcN6Z2y0,ok
225,Magical Adventures and Transformations,-9,https://www.youtube.com/watch?v=HL-7V7H9HGs,ok
226,https://www.youtube.com/watch?v=HMMQcJlfpws,,https://www.youtube.com/watch?v=HMMQcJlfpws,"error: 403 PERMISSION_DENIED. {'error': {'code': 403, 'message': 'The caller does not have permission', 'status': 'PERMISSION_DENIED'}}"
227,https://www.youtube.com/watch?v=HRSRNiiyCS0,,https://www.youtube.com/watch?v=HRSRNiiyCS0,"error: 403 PERMISSION_DENIED. {'error': {'code': 403, 'message': 'The caller does not have permission', 'status': 'PERMISSION_DENIED'}}"
228,Go On,39,https://www.youtube.com/watch?v=HSwlNB8GpA4,ok
229,https://www.youtube.com/watch?v=HWM_PwGliFI,,https://www.youtube.com/watch?v=HWM_PwGliFI,"error: 403 PERMISSION_DENIED. {'error': {'code': 403, 'message': 'The caller does not have permission', 'status': 'PERMISSION_DENIED'}}"
230,MARÅNA WORLD ON FIRE - Future Vision XPRIZE,27,https://www.youtube.com/watch?v=Hq6_SUXItII,ok
231,https://www.youtube.com/watch?v=HqZClWYVoOE,,https://www.youtube.com/watch?v=HqZClWYVoOE,"error: 403 PERMISSION_DENIED. {'error': {'code': 403, 'message': 'The caller does not have permission', 'status': 'PERMISSION_DENIED'}}"
232,Golden Dreams: A Future Vision,53,https://www.youtube.com/watch?v=I-XrWh7uTAM,ok
233,https://www.youtube.com/watch?v=I1d3y3lb1Rk,,https://www.youtube.com/watch?v=I1d3y3lb1Rk,"error: 403 PERMISSION_DENIED. {'error': {'code': 403, 'message': 'The caller does not have permission', 'status': 'PERMISSION_DENIED'}}"
234,SHADOWS OF THE PAST,-22,https://www.youtube.com/watch?v=I4hn1lYS8Ok,ok
235,Space Wonders: Theatrical Arts in Space,38,https://www.youtube.com/watch?v=I4qfvm57ZE0,ok
236,https://www.youtube.com/watch?v=IKVCsWOtYVg,,https://www.youtube.com/watch?v=IKVCsWOtYVg,"error: 403 PERMISSION_DENIED. {'error': {'code': 403, 'message': 'The caller does not have permission', 'status': 'PERMISSION_DENIED'}}"
237,https://www.youtube.com/watch?v=IPjQhBWJXSs,,https://www.youtube.com/watch?v=IPjQhBWJXSs,"error: 1 validation error for VideoAnalysisResult
  Invalid JSON: EOF while parsing a string at line 2 column 247529 [type=json_invalid, input_value='{\n  ""video_url"": ""https...The person\'s hip joint', input_type=str]
    For further information visit https://errors.pydantic.dev/2.13/v/json_invalid"
238,Kiro: A Future Vision XPRIZE Film,38,https://www.youtube.com/watch?v=Iaolm_fpjJA,ok
239,https://www.youtube.com/watch?v=IrOCTPRWon0,,https://www.youtube.com/watch?v=IrOCTPRWon0,"error: 403 PERMISSION_DENIED. {'error': {'code': 403, 'message': 'The caller does not have permission', 'status': 'PERMISSION_DENIED'}}"
240,The Future of Work,51,https://www.youtube.com/watch?v=J56T7YNRKkU,ok
241,Future Archaeologists,51,https://www.youtube.com/watch?v=JD_8-OTy6mc,ok
242,Fefu - Future Vision X Prize Short Film,54,https://www.youtube.com/watch?v=JDnlkGgSpp4,ok
243,The History of Abundance,50,https://www.youtube.com/watch?v=JJC1WYvA2wk,ok
244,Nectar: A Future Vision XPRIZE Film,39,https://www.youtube.com/watch?v=JLl2_lBNsOM,ok
245,https://www.youtube.com/watch?v=JP5gHas5xgg,,https://www.youtube.com/watch?v=JP5gHas5xgg,"error: 403 PERMISSION_DENIED. {'error': {'code': 403, 'message': 'The caller does not have permission', 'status': 'PERMISSION_DENIED'}}"
246,https://www.youtube.com/watch?v=JQjqt0-xP3U,,https://www.youtube.com/watch?v=JQjqt0-xP3U,"error: 403 PERMISSION_DENIED. {'error': {'code': 403, 'message': 'The caller does not have permission', 'status': 'PERMISSION_DENIED'}}"
247,https://www.youtube.com/watch?v=JU1PtJ4MRcw,,https://www.youtube.com/watch?v=JU1PtJ4MRcw,"error: 403 PERMISSION_DENIED. {'error': {'code': 403, 'message': 'The caller does not have permission', 'status': 'PERMISSION_DENIED'}}"
248,The Day We Realized,53,https://www.youtube.com/watch?v=J_ihXph3MOY,ok
249,DELIVER US,25,https://www.youtube.com/watch?v=JesWk7QarAU,ok
250,First Nation,23,https://www.youtube.com/watch?v=Jhxukf-DcZA,ok
251,THE AEGEAN STORM | Future Vision XPRIZE,25,https://www.youtube.com/watch?v=Jk9Ev9z0Qx8,ok
252,The Girl Made Of Almost,51,https://www.youtube.com/watch?v=JpU7a0mfvGY,ok
253,Speak Me Deeper: The ASI Movie,41,https://www.youtube.com/watch?v=JsTcz2L1tE4,ok
254,Intersection Emergence: Perfectly Measured to the Soul,51,https://www.youtube.com/watch?v=JspglI056Tc,ok
255,Michael: The Digital Omega Man - Future Vision XPRIZE,-2,https://www.youtube.com/watch?v=JuvPe6cJsjk,ok
256,The Green Whisper: A Future Vision,54,https://www.youtube.com/watch?v=K3ltRZeGhjY,ok
257,Awakened: A Future Vision Story,53,https://www.youtube.com/watch?v=KAL0tSGmWSc,ok
258,Second Dawn: Building Optimistic Visions of the Future,54,https://www.youtube.com/watch?v=KUHJyE4-uaU,ok
259,https://www.youtube.com/watch?v=KegRuc7_9Qo,,https://www.youtube.com/watch?v=KegRuc7_9Qo,"error: 403 PERMISSION_DENIED. {'error': {'code': 403, 'message': 'The caller does not have permission', 'status': 'PERMISSION_DENIED'}}"
260,https://www.youtube.com/watch?v=Kg0mj0oMxRk,,https://www.youtube.com/watch?v=Kg0mj0oMxRk,"error: 403 PERMISSION_DENIED. {'error': {'code': 403, 'message': 'The caller does not have permission', 'status': 'PERMISSION_DENIED'}}"
261,Finding Home,53,https://www.youtube.com/watch?v=KiFJPPU3q5M,ok
262,The Unconstrained Discovery,29,https://www.youtube.com/watch?v=KiK2TeAoZdQ,ok
263,Arecibo Coherence Historical and Research Center - Future Vision,40,https://www.youtube.com/watch?v=Kpxu5Cck-UY,ok
264,https://www.youtube.com/watch?v=KrC6mlGaN6k,,https://www.youtube.com/watch?v=KrC6mlGaN6k,"error: 403 PERMISSION_DENIED. {'error': {'code': 403, 'message': 'The caller does not have permission', 'status': 'PERMISSION_DENIED'}}"
265,THE PRIZE A FILM BY ARISTOMENES TSIRBAS,28,https://www.youtube.com/watch?v=KrOu0ZV_Eds,ok
266,The Future Remembers,54,https://www.youtube.com/watch?v=Ktlax2-DB2E,ok
267,Atlas: A Future Vision XPRIZE Film,44,https://www.youtube.com/watch?v=L3V93lYNaXg,ok
268,NUVAGAIA: The First Thread - A Future Worth Repairing,54,https://www.youtube.com/watch?v=LCCO_Y0pSaE,ok
269,https://www.youtube.com/watch?v=LD8esQicCDE,,https://www.youtube.com/watch?v=LD8esQicCDE,"error: 403 PERMISSION_DENIED. {'error': {'code': 403, 'message': 'The caller does not have permission', 'status': 'PERMISSION_DENIED'}}"
270,TIM & CHATTY REMEMBER ME,53,https://www.youtube.com/watch?v=LFZYrQcFg3A,ok
271,The Common Measure,52,https://www.youtube.com/watch?v=LOf9x8qmR3M,ok
272,Love in the Infinite,17,https://www.youtube.com/watch?v=LRGAxDPkhrU,ok
273,Mission Dare: A Future Vision,29,https://www.youtube.com/watch?v=LT2NO-cpsgs,ok
274,Rogue Iron,50,https://www.youtube.com/watch?v=LUcK6hTid3E,ok
275,The Watcher,54,https://www.youtube.com/watch?v=LVf1ZSQekck,ok
276,Who Is HB2? - Future Vision XPRIZE Concept Trailer,39,https://www.youtube.com/watch?v=LWjRONe8kZs,ok
277,https://www.youtube.com/watch?v=LWtx6zV8aYs,,https://www.youtube.com/watch?v=LWtx6zV8aYs,"error: 403 PERMISSION_DENIED. {'error': {'code': 403, 'message': 'The caller does not have permission', 'status': 'PERMISSION_DENIED'}}"
278,FREQUENCY - The First AI Whisperer,54,https://www.youtube.com/watch?v=LY4KNyWhE7M,ok
279,The Horizon of All - Future Vision XPRIZE,29,https://www.youtube.com/watch?v=LYsnjgxxwVo,ok
280,Covenantal Media AI: Human-Centric AI for a Better Future,-1,https://www.youtube.com/watch?v=LZyChAPG10E,ok
281,Desert Sea: A Sci-Fi Thriller About the Fate of Freewill,24,https://www.youtube.com/watch?v=LeWkb4z7YGk,ok
282,https://www.youtube.com/watch?v=Lhn8aDF6vI4,,https://www.youtube.com/watch?v=Lhn8aDF6vI4,"error: 403 PERMISSION_DENIED. {'error': {'code': 403, 'message': 'The caller does not have permission', 'status': 'PERMISSION_DENIED'}}"
283,Becoming Bionic: A Future Vision XPRIZE Film,37,https://www.youtube.com/watch?v=Lj5-o-xffzk,ok
284,The Bloom Protocol: Building Optimistic Visions of the Future,54,https://www.youtube.com/watch?v=Lp4W3OKTgMk,ok
285,The Fractal Horizon,51,https://www.youtube.com/watch?v=LxfiJ7BADdY,ok
286,The SkyARC: SilikWON Overlords,-2,https://www.youtube.com/watch?v=LyE02oAN3kM,ok
287,https://www.youtube.com/watch?v=LyfPQ5dhLlQ,,https://www.youtube.com/watch?v=LyfPQ5dhLlQ,"error: 403 PERMISSION_DENIED. {'error': {'code': 403, 'message': 'The caller does not have permission', 'status': 'PERMISSION_DENIED'}}"
288,Applied Creation: Growing Homes,53,https://www.youtube.com/watch?v=M-RmFggckgA,ok
289,https://www.youtube.com/watch?v=M6RQF4EBCFA,,https://www.youtube.com/watch?v=M6RQF4EBCFA,"error: 403 PERMISSION_DENIED. {'error': {'code': 403, 'message': 'The caller does not have permission', 'status': 'PERMISSION_DENIED'}}"
290,Moonstead: A Home Beyond Earth,54,https://www.youtube.com/watch?v=MAumYcEY1WI,ok
291,Project Horizon Trailer,26,https://www.youtube.com/watch?v=MBF63hjK-ws,ok
292,The Moon We Made,39,https://www.youtube.com/watch?v=MCTyefG8l0M,ok
293,Epoch Trailer,25,https://www.youtube.com/watch?v=MDFRP4WhXG8,ok
294,AD ASTRA . CELESTIA - THE WITNESS,54,https://www.youtube.com/watch?v=MGX_uHfA4PE,ok
295,People of the Rain (Ñuu Savi),52,https://www.youtube.com/watch?v=MMIuj8ndHj0,ok
296,Future Vision XPRIZE: Building Optimistic Visions of the Future,51,https://www.youtube.com/watch?v=MTgB-cy1fi4,ok
297,COLONIZE - Future Vision XPRIZE,44,https://www.youtube.com/watch?v=M_6st0SXLLE,ok
298,The Last Waste: A Future Connected by Intelligence,54,https://www.youtube.com/watch?v=M__17uTv43Q,ok
299,Future Vision XPRIZE Trailer,24,https://www.youtube.com/watch?v=MnrAJB-QgIk,ok
300,RESOURCE - Future Vision XPRIZE,50,https://www.youtube.com/watch?v=MtKiV2AA7ks,ok
301,Dead Frequency: Some Signals Were Never Meant to Die,50,https://www.youtube.com/watch?v=Mta6Ur_UqaQ,ok
302,REMNANTS,17,https://www.youtube.com/watch?v=MtbAUoDz_78,ok
303,A Vision of Humanity's Future,51,https://www.youtube.com/watch?v=N-NSideWpE8,ok
304,Aipotu XPRIZE Trailer,53,https://www.youtube.com/watch?v=N2beTcX_AoA,ok
305,Carriers of Earth - Future Vision XPRIZE,50,https://www.youtube.com/watch?v=N4WSI1S9DFM,ok
306,Martin Scorsese on Cinematic Intelligence,16,https://www.youtube.com/watch?v=N4jl4htAcuM,ok
307,LENGA,52,https://www.youtube.com/watch?v=N7LzBEnsCNs,ok
308,Twin Earth,25,https://www.youtube.com/watch?v=NL98F8EkCOQ,ok
309,Priestess of the Override 404,40,https://www.youtube.com/watch?v=NPUbqQECIbs,ok
310,Before the Darkness - Epic Time Travel Adventure,14,https://www.youtube.com/watch?v=NPX0lSnVdzA,ok
311,https://www.youtube.com/watch?v=NiunnMh2fqk,,https://www.youtube.com/watch?v=NiunnMh2fqk,"error: 403 PERMISSION_DENIED. {'error': {'code': 403, 'message': 'The caller does not have permission', 'status': 'PERMISSION_DENIED'}}"
312,https://www.youtube.com/watch?v=NjsGNulPR6A,,https://www.youtube.com/watch?v=NjsGNulPR6A,"error: 403 PERMISSION_DENIED. {'error': {'code': 403, 'message': 'The caller does not have permission', 'status': 'PERMISSION_DENIED'}}"
313,https://www.youtube.com/watch?v=Npc-8bm31yU,,https://www.youtube.com/watch?v=Npc-8bm31yU,"error: 403 PERMISSION_DENIED. {'error': {'code': 403, 'message': 'The caller does not have permission', 'status': 'PERMISSION_DENIED'}}"
314,THE LONG LIGHT,28,https://www.youtube.com/watch?v=Nv9F2mSvL5Y,ok
315,ONEIROVATIS 3510 : DREAMNAUT,24,https://www.youtube.com/watch?v=O4mvewenkHE,ok
316,Good Deflation: A Future Vision XPRIZE Submission,39,https://www.youtube.com/watch?v=OAHxwTyEJSQ,ok
317,NALANDA 2099 THE KNOWLEDGE THAT WAITED,52,https://www.youtube.com/watch?v=OLbD34oPlIA,ok
318,Hala Hala: First Light Trailer,53,https://www.youtube.com/watch?v=OLlFfTOh8Lg,ok
319,Aperture Between Galaxies,54,https://www.youtube.com/watch?v=ONb98Thsvk0,ok
320,Let's Call Your Mother,54,https://www.youtube.com/watch?v=ObUoHs522Q4,ok
321,The Hole in the Sky,24,https://www.youtube.com/watch?v=OejIiO1EqJc,ok
322,Bee & The Light,43,https://www.youtube.com/watch?v=OsUnVbPGw18,ok
323,The Future Isn't Found. It's Built.,24,https://www.youtube.com/watch?v=OvyNJwClO94,ok
324,Sarabande - A Future Vision,54,https://www.youtube.com/watch?v=OzpW01OXJfc,ok
325,After Price - Future Vision XPRIZE,37,https://www.youtube.com/watch?v=P0fBWgjJ-pM,ok
326,BY BLOOD + BY BONE,14,https://www.youtube.com/watch?v=P1TUgOTTzjk,ok
327,Future Vision XPRIZE: Max,53,https://www.youtube.com/watch?v=P6M6aa-Nku4,ok
328,Unresolved: A Future Vision XPRIZE Film,51,https://www.youtube.com/watch?v=P9aiBwytA2I,ok
329,The Sandbox of the World,52,https://www.youtube.com/watch?v=PAe_sp5eWfE,ok
330,The Becoming,29,https://www.youtube.com/watch?v=PT7dO5wL_Z4,ok
331,Halo: A Future Vision XPRIZE Film,51,https://www.youtube.com/watch?v=PY5XeXTRR-U,ok
332,https://www.youtube.com/watch?v=PkG_5ap-pyQ,,https://www.youtube.com/watch?v=PkG_5ap-pyQ,"error: 403 PERMISSION_DENIED. {'error': {'code': 403, 'message': 'The caller does not have permission', 'status': 'PERMISSION_DENIED'}}"
333,CHITRA: Building Optimistic Visions of the Future,54,https://www.youtube.com/watch?v=PoLXS_I76-0,ok
334,The Future We Dream Of,53,https://www.youtube.com/watch?v=PpQBef44u1w,ok
335,SyncFluid: Building Optimistic Visions of the Future,53,https://www.youtube.com/watch?v=PrSesmT9G7s,ok
336,Digital Twin,53,https://www.youtube.com/watch?v=PtBvAVStYQU,ok
337,https://www.youtube.com/watch?v=Pu99SYgGpoU,,https://www.youtube.com/watch?v=Pu99SYgGpoU,"error: 403 PERMISSION_DENIED. {'error': {'code': 403, 'message': 'The caller does not have permission', 'status': 'PERMISSION_DENIED'}}"
338,Game of Consciousness,51,https://www.youtube.com/watch?v=PwICxQ_RdZ4,ok
339,Future Vision XPRIZE: Building Optimistic Visions of the Future,53,https://www.youtube.com/watch?v=Q9DwLsw9xTI,ok
340,XANADU: Faster Than Light,29,https://www.youtube.com/watch?v=QAPVBdc-48k,ok
341,The Legend of Tapioca,54,https://www.youtube.com/watch?v=QDd52SdEEJU,ok
342,https://www.youtube.com/watch?v=QSoXAVjp1fU,,https://www.youtube.com/watch?v=QSoXAVjp1fU,"error: 403 PERMISSION_DENIED. {'error': {'code': 403, 'message': 'The caller does not have permission', 'status': 'PERMISSION_DENIED'}}"
343,https://www.youtube.com/watch?v=QT_w0G8rHdg,,https://www.youtube.com/watch?v=QT_w0G8rHdg,"error: 403 PERMISSION_DENIED. {'error': {'code': 403, 'message': 'The caller does not have permission', 'status': 'PERMISSION_DENIED'}}"
344,Pink Spiders - Future Vision XPRIZE,29,https://www.youtube.com/watch?v=QY5fuqa-uQU,ok
345,MAIA: A Future Vision,54,https://www.youtube.com/watch?v=Qd5CqbpmnhM,ok
346,Optimistic Future Vision,51,https://www.youtube.com/watch?v=QgO9pimf2P8,ok
347,LAYERS - A Future Vision XPRIZE Film,38,https://www.youtube.com/watch?v=QiYUT7iuirs,ok
348,https://www.youtube.com/watch?v=Qky5rbAumXU,,https://www.youtube.com/watch?v=Qky5rbAumXU,"error: 403 PERMISSION_DENIED. {'error': {'code': 403, 'message': 'The caller does not have permission', 'status': 'PERMISSION_DENIED'}}"
349,The Gardener of What Matters,52,https://www.youtube.com/watch?v=QlRFftD8GQ4,ok
350,The Abundance of a Billion Stars,40,https://www.youtube.com/watch?v=QpwaUeEfQk4,ok
351,The Trade: Now the Bargaining Begins,25,https://www.youtube.com/watch?v=QvUzi222-bk,ok
352,The Naturals - Sci-Fi Short Film Trailer,3,https://www.youtube.com/watch?v=R5-b4OXH2xc,ok
353,Voyager 7: Building Optimistic Visions of the Future,54,https://www.youtube.com/watch?v=R5tBrOTkEMY,ok
354,Future Vision XPRIZE Submission,41,https://www.youtube.com/watch?v=RCZuvbFUx9I,ok
355,Assimilation,26,https://www.youtube.com/watch?v=RDkrNd5tCvo,ok
356,https://www.youtube.com/watch?v=RFCkF_yfB_k,,https://www.youtube.com/watch?v=RFCkF_yfB_k,"error: 403 PERMISSION_DENIED. {'error': {'code': 403, 'message': 'The caller does not have permission', 'status': 'PERMISSION_DENIED'}}"
357,FutureVision XPRIZE: Building Optimistic Visions of the Future,53,https://www.youtube.com/watch?v=RFe9uLFLhVA,ok
358,The Future of Work,51,https://www.youtube.com/watch?v=RPxUTcEA8JU,ok
359,https://www.youtube.com/watch?v=RSnK-i3ouSs,,https://www.youtube.com/watch?v=RSnK-i3ouSs,"error: 403 PERMISSION_DENIED. {'error': {'code': 403, 'message': 'The caller does not have permission', 'status': 'PERMISSION_DENIED'}}"
360,https://www.youtube.com/watch?v=RVpxs8fy4ug,,https://www.youtube.com/watch?v=RVpxs8fy4ug,"error: 403 PERMISSION_DENIED. {'error': {'code': 403, 'message': 'The caller does not have permission', 'status': 'PERMISSION_DENIED'}}"
361,AUTONOESIS: Building Optimistic Visions of the Future,54,https://www.youtube.com/watch?v=RWdQwkANPWk,ok
362,The Goose,-10,https://www.youtube.com/watch?v=RcHdSsAgl-Q,ok
363,https://www.youtube.com/watch?v=RfCYgDAwqzg,,https://www.youtube.com/watch?v=RfCYgDAwqzg,"error: 403 PERMISSION_DENIED. {'error': {'code': 403, 'message': 'The caller does not have permission', 'status': 'PERMISSION_DENIED'}}"
364,THE DARK BUDDHA A SINGLE FACE,9,https://www.youtube.com/watch?v=RgyDB95Wbq8,ok
365,"Green Wings, Red Wings",53,https://www.youtube.com/watch?v=RhZJgPXMzZE,ok
366,https://www.youtube.com/watch?v=Rok2OXa3zJ8,,https://www.youtube.com/watch?v=Rok2OXa3zJ8,"error: 403 PERMISSION_DENIED. {'error': {'code': 403, 'message': 'The caller does not have permission', 'status': 'PERMISSION_DENIED'}}"
367,History Emergent - Future Vision XPRIZE Trailer,52,https://www.youtube.com/watch?v=RzCVICGpLiw,ok
368,Future Vision XPRIZE: Shared Civic Intelligence,54,https://www.youtube.com/watch?v=S0MPTXjwygI,ok
369,https://www.youtube.com/watch?v=S3MsK55mUuw,,https://www.youtube.com/watch?v=S3MsK55mUuw,"error: 403 PERMISSION_DENIED. {'error': {'code': 403, 'message': 'The caller does not have permission', 'status': 'PERMISSION_DENIED'}}"
370,POST: What Comes After,12,https://www.youtube.com/watch?v=S8ng1BGzXY0,ok
371,THE INHERITED SPARK,54,https://www.youtube.com/watch?v=SKtqhiEJdWw,ok
372,https://www.youtube.com/watch?v=STcdxiT_wR4,,https://www.youtube.com/watch?v=STcdxiT_wR4,"error: 400 INVALID_ARGUMENT. {'error': {'code': 400, 'message': 'The input token count exceeds the maximum number of tokens allowed 1048576.', 'status': 'INVALID_ARGUMENT'}}"
373,Future Vision XPRIZE Filmmaking Competition,29,https://www.youtube.com/watch?v=SVh3jN_rQWM,ok
374,AI Video Generation: The Narrow Path We Tread,1,https://www.youtube.com/watch?v=SZJ-qmRXebM,ok
375,Future Vision XPRIZE Short Film,14,https://www.youtube.com/watch?v=SdsAvGt-NPM,ok
376,The Looking Glass,-3,https://www.youtube.com/watch?v=SgEkvfwT0FA,ok
377,X-CHROME: Building Optimistic Visions of the Future,53,https://www.youtube.com/watch?v=Skrdza16RyA,ok
378,https://www.youtube.com/watch?v=Sn_ga7_fFdU,,https://www.youtube.com/watch?v=Sn_ga7_fFdU,"error: 403 PERMISSION_DENIED. {'error': {'code': 403, 'message': 'The caller does not have permission', 'status': 'PERMISSION_DENIED'}}"
379,Future Vision: The Seed of Hope,42,https://www.youtube.com/watch?v=SvZupbtdI2M,ok
380,Future Vision XPRIZE: Building Optimistic Visions of the Future,54,https://www.youtube.com/watch?v=SyFKNGFJoOE,ok
381,https://www.youtube.com/watch?v=T5D_dYB3ebI,,https://www.youtube.com/watch?v=T5D_dYB3ebI,"error: 403 PERMISSION_DENIED. {'error': {'code': 403, 'message': 'The caller does not have permission', 'status': 'PERMISSION_DENIED'}}"
382,Starlings: Outpost 12 - Future Vision XPRIZE,11,https://www.youtube.com/watch?v=T9dHienTKSA,ok
383,ATLANTIS RECONFIGURE,53,https://www.youtube.com/watch?v=TFdRxnsxFHQ,ok
384,https://www.youtube.com/watch?v=TIxSP25RiNk,,https://www.youtube.com/watch?v=TIxSP25RiNk,"error: 403 PERMISSION_DENIED. {'error': {'code': 403, 'message': 'The caller does not have permission', 'status': 'PERMISSION_DENIED'}}"
385,Provenance,53,https://www.youtube.com/watch?v=TJeS-IRrl9g,ok
386,The Living Ark,54,https://www.youtube.com/watch?v=TJg49-r9u5A,ok
387,SAAGA SOLVE: Building Optimistic Visions of the Future,39,https://www.youtube.com/watch?v=TSMt_Y5FCgw,ok
388,Project Prometheus: The Story of Lumael and Hope,54,https://www.youtube.com/watch?v=TZivsZ5y-L4,ok
389,https://www.youtube.com/watch?v=TeY3tkBLzyA,,https://www.youtube.com/watch?v=TeY3tkBLzyA,"error: 403 PERMISSION_DENIED. {'error': {'code': 403, 'message': 'The caller does not have permission', 'status': 'PERMISSION_DENIED'}}"
390,Skyboard: A Future Worth Building,51,https://www.youtube.com/watch?v=Thj7ZbmVLF8,ok
391,Chasing the Horizon,52,https://www.youtube.com/watch?v=Tix4ULLgUss,ok
392,https://www.youtube.com/watch?v=TjtiFymZWz4,,https://www.youtube.com/watch?v=TjtiFymZWz4,"error: 403 PERMISSION_DENIED. {'error': {'code': 403, 'message': 'The caller does not have permission', 'status': 'PERMISSION_DENIED'}}"
393,The Rise of Artificial Super Intelligence and Humanity's Future,53,https://www.youtube.com/watch?v=Tki9bodG2vI,ok
394,God of Bulbs,36,https://www.youtube.com/watch?v=TrTi1Vtnomw,ok
395,Future Vision XPRIZE: Building Optimistic Visions of the Future,53,https://www.youtube.com/watch?v=TsN9WpbB-Ow,ok
396,https://www.youtube.com/watch?v=TwMR5KWUrDo,,https://www.youtube.com/watch?v=TwMR5KWUrDo,"error: 403 PERMISSION_DENIED. {'error': {'code': 403, 'message': 'The caller does not have permission', 'status': 'PERMISSION_DENIED'}}"
397,Future Vision XPRIZE: Building Optimistic Visions of the Future,54,https://www.youtube.com/watch?v=U0wo5y8JCR4,ok
398,Humanity's Choice: Dystopia vs. Utopia,53,https://www.youtube.com/watch?v=UBduREk9FHI,ok
399,Árvore Raiz - Future Vision XPRIZE,49,https://www.youtube.com/watch?v=UMBRWSewLow,ok
400,SUCCESSOR - Future Vision XPRIZE,53,https://www.youtube.com/watch?v=UNUL8TWGoKY,ok
401,POST: What Comes Next,17,https://www.youtube.com/watch?v=UPQQqqttaug,ok
402,https://www.youtube.com/watch?v=UT1Uh4ozREA,,https://www.youtube.com/watch?v=UT1Uh4ozREA,"error: 403 PERMISSION_DENIED. {'error': {'code': 403, 'message': 'The caller does not have permission', 'status': 'PERMISSION_DENIED'}}"
403,Blind Soul,24,https://www.youtube.com/watch?v=Ue-gUkMT8k8,ok
404,The Smoking Mirror,51,https://www.youtube.com/watch?v=Uj5FxkZVibk,ok
405,The Last Promise - Future Vision XPRIZE,51,https://www.youtube.com/watch?v=UoHDFxMP2VU,ok
406,Icarus Project: A Climate Repair System,50,https://www.youtube.com/watch?v=UqIKVKL43UE,ok
407,Future Vision XPRIZE Trailer,53,https://www.youtube.com/watch?v=UtBTjTBmrXM,ok
408,Zairdja Prime - Future Vision XPRIZE,15,https://www.youtube.com/watch?v=V1BykYQ0d7U,ok
409,Project Mars: Design the First City,53,https://www.youtube.com/watch?v=V7FOgVI33LU,ok
410,The Restorers,53,https://www.youtube.com/watch?v=V8Wj6zoiOD8,ok
411,Wings of Abundance,38,https://www.youtube.com/watch?v=VCDAHZtidhA,ok
412,Daydreams: Future Vision XPRIZE Short Film,40,https://www.youtube.com/watch?v=VP3TSvSyNjY,ok
413,https://www.youtube.com/watch?v=VUrLKOr1-cs,,https://www.youtube.com/watch?v=VUrLKOr1-cs,"error: 403 PERMISSION_DENIED. {'error': {'code': 403, 'message': 'The caller does not have permission', 'status': 'PERMISSION_DENIED'}}"
414,FutureVision XPRIZE: Mission Abundance,39,https://www.youtube.com/watch?v=V_xvlXzrlfE,ok
415,https://www.youtube.com/watch?v=Vc_RwH5uSWY,,https://www.youtube.com/watch?v=Vc_RwH5uSWY,"error: 403 PERMISSION_DENIED. {'error': {'code': 403, 'message': 'The caller does not have permission', 'status': 'PERMISSION_DENIED'}}"
416,https://www.youtube.com/watch?v=Vk7YryuxoU4,,https://www.youtube.com/watch?v=Vk7YryuxoU4,"error: 403 PERMISSION_DENIED. {'error': {'code': 403, 'message': 'The caller does not have permission', 'status': 'PERMISSION_DENIED'}}"
417,Future Vision XPRIZE: Curing All Diseases,39,https://www.youtube.com/watch?v=Vom1YJ-8SuY,ok
418,The Montague Odyssey,39,https://www.youtube.com/watch?v=VqzuFFaH2sI,ok
419,The Gap: An AI Film,51,https://www.youtube.com/watch?v=Vy3-JVgBONM,ok
420,NEUROWAVE - Wake the Mind. Save the Life.,52,https://www.youtube.com/watch?v=W2_w28CIl9g,ok
421,https://www.youtube.com/watch?v=W5BLCIOobj0,,https://www.youtube.com/watch?v=W5BLCIOobj0,"error: 403 PERMISSION_DENIED. {'error': {'code': 403, 'message': 'The caller does not have permission', 'status': 'PERMISSION_DENIED'}}"
422,The Orbital Mind - Future Vision XPRIZE,52,https://www.youtube.com/watch?v=WB_vFhbxjdM,ok
423,Probability,10,https://www.youtube.com/watch?v=WFyRPAgZKOI,ok
424,https://www.youtube.com/watch?v=WLF2HgIJwMY,,https://www.youtube.com/watch?v=WLF2HgIJwMY,"error: 403 PERMISSION_DENIED. {'error': {'code': 403, 'message': 'The caller does not have permission', 'status': 'PERMISSION_DENIED'}}"
425,Building Optimistic Visions of the Future,54,https://www.youtube.com/watch?v=WXILZ418YNc,ok
426,Germination: The Future Arises,53,https://www.youtube.com/watch?v=WZq-QWbcjqk,ok
427,The Universe is Thrifty,27,https://www.youtube.com/watch?v=WeELFY9vpys,ok
428,The Etenome: Dawn of Infinite Energy,52,https://www.youtube.com/watch?v=WkAyil8w8uQ,ok
429,Future Vision 2057,51,https://www.youtube.com/watch?v=Wl-fOoNDwSU,ok
430,A Better Question,53,https://www.youtube.com/watch?v=Wq-OHboNmxA,ok
431,Napoleon AI: Conquer or Be Conquered,13,https://www.youtube.com/watch?v=WsRxoTm4REM,ok
432,THRESHOLD,38,https://www.youtube.com/watch?v=WwgzkAc-6Ow,ok
433,theSkyARC: StarSeeds Awakening,8,https://www.youtube.com/watch?v=X2FixrEB7Jk,ok
434,HERE - Future Vision XPRIZE,50,https://www.youtube.com/watch?v=XBWSGUxN3VY,ok
435,https://www.youtube.com/watch?v=XCd_Uxcd2Oo,,https://www.youtube.com/watch?v=XCd_Uxcd2Oo,"error: 403 PERMISSION_DENIED. {'error': {'code': 403, 'message': 'The caller does not have permission', 'status': 'PERMISSION_DENIED'}}"
436,SYNTHOCENE: Building Optimistic Visions of the Future,51,https://www.youtube.com/watch?v=XD7BhOMYbdY,ok
437,The Constellation Builders: A Hopeful Near-Future Civilization Saga,47,https://www.youtube.com/watch?v=XDsIS3H8Z-A,ok
438,Knight Wings Trailer,49,https://www.youtube.com/watch?v=XaKYPkechC8,ok
439,Journey to Kyron Trailer,42,https://www.youtube.com/watch?v=Xc979acVnNk,ok
440,https://www.youtube.com/watch?v=Xx1Yub9b4Fs,,https://www.youtube.com/watch?v=Xx1Yub9b4Fs,"error: 1 validation error for VideoAnalysisResult
  Invalid JSON: EOF while parsing a string at line 2 column 61985 [type=json_invalid, input_value='{\n  ""video_url"": ""https...00000000000000000000000', input_type=str]
    For further information visit https://errors.pydantic.dev/2.13/v/json_invalid"
441,SYMPHONY - Future Vision XPRIZE,53,https://www.youtube.com/watch?v=Y-kJr538YVE,ok
442,Goomy: Go with me.,37,https://www.youtube.com/watch?v=Y68YAuB_F1s,ok
443,ABRACADABRA BRIGADE,54,https://www.youtube.com/watch?v=YDci3ForkkE,ok
444,https://www.youtube.com/watch?v=YOQoN27RXCg,,https://www.youtube.com/watch?v=YOQoN27RXCg,"error: 403 PERMISSION_DENIED. {'error': {'code': 403, 'message': 'The caller does not have permission', 'status': 'PERMISSION_DENIED'}}"
445,The Inheritance,53,https://www.youtube.com/watch?v=YXLMKqH_Q90,ok
446,https://www.youtube.com/watch?v=Yb-w_M7QT7U,,https://www.youtube.com/watch?v=Yb-w_M7QT7U,"error: 403 PERMISSION_DENIED. {'error': {'code': 403, 'message': 'The caller does not have permission', 'status': 'PERMISSION_DENIED'}}"
447,https://www.youtube.com/watch?v=YbBkM41QaBk,,https://www.youtube.com/watch?v=YbBkM41QaBk,"error: 403 PERMISSION_DENIED. {'error': {'code': 403, 'message': 'The caller does not have permission', 'status': 'PERMISSION_DENIED'}}"
448,TokaMak: A Future Vision XPRIZE Film,35,https://www.youtube.com/watch?v=YjQ16BocT8Y,ok
449,The Invisibles: Future Vision XPRIZE Film,33,https://www.youtube.com/watch?v=YsXb-AaIyLU,ok
450,https://www.youtube.com/watch?v=YztEUBtx9mw,,https://www.youtube.com/watch?v=YztEUBtx9mw,"error: 403 PERMISSION_DENIED. {'error': {'code': 403, 'message': 'The caller does not have permission', 'status': 'PERMISSION_DENIED'}}"
451,Future Vision XPRIZE: A Time for Eternity,28,https://www.youtube.com/watch?v=Z2vbO5BAuE0,ok
452,Convergence,24,https://www.youtube.com/watch?v=Z8vDpmBEttE,ok
453,The Last Exam,52,https://www.youtube.com/watch?v=ZK1q_omXFvw,ok
454,Abstract Data Flow Visualization,41,https://www.youtube.com/watch?v=ZSQKQxowu1U,ok
455,Echo of the Relic,52,https://www.youtube.com/watch?v=ZVp0kgYKmv8,ok
456,https://www.youtube.com/watch?v=ZX97AROYBkM,,https://www.youtube.com/watch?v=ZX97AROYBkM,"error: 403 PERMISSION_DENIED. {'error': {'code': 403, 'message': 'The caller does not have permission', 'status': 'PERMISSION_DENIED'}}"
457,https://www.youtube.com/watch?v=ZiCY-B0RAyM,,https://www.youtube.com/watch?v=ZiCY-B0RAyM,"error: 403 PERMISSION_DENIED. {'error': {'code': 403, 'message': 'The caller does not have permission', 'status': 'PERMISSION_DENIED'}}"
458,https://www.youtube.com/watch?v=Zl9sobt17SA,,https://www.youtube.com/watch?v=Zl9sobt17SA,"error: 403 PERMISSION_DENIED. {'error': {'code': 403, 'message': 'The caller does not have permission', 'status': 'PERMISSION_DENIED'}}"
459,Where's My Jetson's Lifestyle?,37,https://www.youtube.com/watch?v=ZpEYCLGZCHk,ok
460,https://www.youtube.com/watch?v=Zu_wL9dRctc,,https://www.youtube.com/watch?v=Zu_wL9dRctc,"error: 403 PERMISSION_DENIED. {'error': {'code': 403, 'message': 'The caller does not have permission', 'status': 'PERMISSION_DENIED'}}"
461,theSkyARC STARSEEDS AWAKENING,54,https://www.youtube.com/watch?v=ZwX7kovZuj0,ok
462,LEELOO - Future Vision XPRIZE,49,https://www.youtube.com/watch?v=Zx6_-jkeZ8M,ok
463,Radix: Future Vision XPRIZE Short Film,51,https://www.youtube.com/watch?v=_09iAafAodw,ok
464,https://www.youtube.com/watch?v=_CVYgttnYOE,,https://www.youtube.com/watch?v=_CVYgttnYOE,"error: 503 UNAVAILABLE. {'error': {'code': 503, 'message': 'This model is currently experiencing high demand. Spikes in demand are usually temporary. Please try again later.', 'status': 'UNAVAILABLE'}}"
465,FUTUREVISION XPRIZE: Building Optimistic Visions of the Future,47,https://www.youtube.com/watch?v=_UjXMf_XYes,ok
466,The Cloud Racer,37,https://www.youtube.com/watch?v=_mFQVGhTsxE,ok
467,ARCADIA | Future Vision XPRIZE,52,https://www.youtube.com/watch?v=_r1jJG9s3zE,ok
468,Optics tie - Future Vision XPRIZE,51,https://www.youtube.com/watch?v=_u8AqnYabfc,ok
469,Future Vision XPRIZE: Building Optimistic Visions of the Future,13,https://www.youtube.com/watch?v=_yDf4AKkcAU,ok
470,Beneath - Future Vision XPRIZE Short Film,50,https://www.youtube.com/watch?v=_zCaHglMipE,ok
471,Future Vision XPRIZE - Love is the Glitch,49,https://www.youtube.com/watch?v=a-Ygln3bMuo,ok
472,Meridian Protocol Trailer,38,https://www.youtube.com/watch?v=a-db7QR8AFQ,ok
473,https://www.youtube.com/watch?v=aJLbPmN4aRo,,https://www.youtube.com/watch?v=aJLbPmN4aRo,error: Server disconnected without sending a response.
474,我们与他们：内战的起源,-12,https://www.youtube.com/watch?v=aKb3h0bsT4I,ok
475,AKARA - Future Vision XPRIZE,26,https://www.youtube.com/watch?v=aLZruWU-cxQ,ok
476,The Protoppe: Identity Before Autonomy,15,https://www.youtube.com/watch?v=aP8iObBZ64I,ok
477,WHO IS HB2? Future Vision XPRIZE Concept Trailer,39,https://www.youtube.com/watch?v=aQruOHiXaSM,ok
478,https://www.youtube.com/watch?v=aSo-yi_ulc0,,https://www.youtube.com/watch?v=aSo-yi_ulc0,"error: 403 PERMISSION_DENIED. {'error': {'code': 403, 'message': 'The caller does not have permission', 'status': 'PERMISSION_DENIED'}}"
479,Patches,35,https://www.youtube.com/watch?v=aTK_PCGHhuY,ok
480,SENTI: A Future Vision XPRIZE Short Film,53,https://www.youtube.com/watch?v=aW9mRLJbd0A,ok
481,Retrograde - Future Vision XPRIZE,53,https://www.youtube.com/watch?v=aY-IC2HowvA,ok
482,Robo-Dad: Future Vision XPRIZE Short Film,49,https://www.youtube.com/watch?v=aeqjTDTb-1w,ok
483,Inheritance: None of this is impossible. Are you ready?,54,https://www.youtube.com/watch?v=am717cjpNOQ,ok
484,https://www.youtube.com/watch?v=anBEs1oamX8,,https://www.youtube.com/watch?v=anBEs1oamX8,"error: 403 PERMISSION_DENIED. {'error': {'code': 403, 'message': 'The caller does not have permission', 'status': 'PERMISSION_DENIED'}}"
485,SECOND SKY - A Future Vision XPRIZE Film,54,https://www.youtube.com/watch?v=anHEkYAOlM4,ok
486,https://www.youtube.com/watch?v=axZPpBFk_qI,,https://www.youtube.com/watch?v=axZPpBFk_qI,"error: 403 PERMISSION_DENIED. {'error': {'code': 403, 'message': 'The caller does not have permission', 'status': 'PERMISSION_DENIED'}}"
487,https://www.youtube.com/watch?v=azlvYEcyFkc,,https://www.youtube.com/watch?v=azlvYEcyFkc,"error: 403 PERMISSION_DENIED. {'error': {'code': 403, 'message': 'The caller does not have permission', 'status': 'PERMISSION_DENIED'}}"
488,Dear Future Human: Our Choices. Their Tomorrow.,54,https://www.youtube.com/watch?v=b2J6WmpShvM,ok
489,Interstellar Liaison: The Shape of Honey,30,https://www.youtube.com/watch?v=bBRaonNnjHA,ok
490,The Taíno Code,35,https://www.youtube.com/watch?v=bCgjToYlnfU,ok
491,UNIT 7: Humanity's Last Hope,49,https://www.youtube.com/watch?v=bDsk-wav1f0,ok
492,https://www.youtube.com/watch?v=bGuWZHbwPbM,,https://www.youtube.com/watch?v=bGuWZHbwPbM,"error: 403 PERMISSION_DENIED. {'error': {'code': 403, 'message': 'The caller does not have permission', 'status': 'PERMISSION_DENIED'}}"
493,https://www.youtube.com/watch?v=bIYGHSgas8U,,https://www.youtube.com/watch?v=bIYGHSgas8U,"error: 403 PERMISSION_DENIED. {'error': {'code': 403, 'message': 'The caller does not have permission', 'status': 'PERMISSION_DENIED'}}"
494,The Silence Between Whales (Future Vision XPRIZE Trailer),52,https://www.youtube.com/watch?v=bPWkLwegVWk,ok
495,Mosaic: A Future Vision,51,https://www.youtube.com/watch?v=bh4YOs1uQ3o,ok
496,Future Vision XPRIZE - A World Figured Out,51,https://www.youtube.com/watch?v=bhlXwoe7hu4,ok
497,The Waluigi Effect (Future Vision XPRIZE Trailer),51,https://www.youtube.com/watch?v=c2dPNh2lW6g,ok
498,https://www.youtube.com/watch?v=c3KFFqI2NgA,,https://www.youtube.com/watch?v=c3KFFqI2NgA,"error: 403 PERMISSION_DENIED. {'error': {'code': 403, 'message': 'The caller does not have permission', 'status': 'PERMISSION_DENIED'}}"
499,Commonwealth Zero: 2063,38,https://www.youtube.com/watch?v=c8FauldMIJM,ok
500,https://www.youtube.com/watch?v=c9VgtK8VcOA,,https://www.youtube.com/watch?v=c9VgtK8VcOA,"error: 403 PERMISSION_DENIED. {'error': {'code': 403, 'message': 'The caller does not have permission', 'status': 'PERMISSION_DENIED'}}"
501,Universal Partners - Neurobios Studios Vision,54,https://www.youtube.com/watch?v=cCAxQTwjjzA,ok
502,https://www.youtube.com/watch?v=cJmVesSOugE,,https://www.youtube.com/watch?v=cJmVesSOugE,"error: 403 PERMISSION_DENIED. {'error': {'code': 403, 'message': 'The caller does not have permission', 'status': 'PERMISSION_DENIED'}}"
503,A Vision of Humanity's Future,51,https://www.youtube.com/watch?v=cLLyKp-b0Vo,ok
504,https://www.youtube.com/watch?v=cMjSl36ej5w,,https://www.youtube.com/watch?v=cMjSl36ej5w,"error: 403 PERMISSION_DENIED. {'error': {'code': 403, 'message': 'The caller does not have permission', 'status': 'PERMISSION_DENIED'}}"
505,The Ladder,53,https://www.youtube.com/watch?v=cR5s_Eq7u-k,ok
506,UTSUWA,29,https://www.youtube.com/watch?v=cRMEW6d7vUQ,ok
507,Mapping the Physical Language of Life - Future Vision XPRIZE,53,https://www.youtube.com/watch?v=cX29yBbJgJs,ok
508,Future Frame Sci-Fi,49,https://www.youtube.com/watch?v=cYwVkEEdjCY,ok
509,A Vision of Humanity's Future,51,https://www.youtube.com/watch?v=dANrg0cs8_k,ok
510,https://www.youtube.com/watch?v=dDRv7EgiqQk,,https://www.youtube.com/watch?v=dDRv7EgiqQk,"error: 403 PERMISSION_DENIED. {'error': {'code': 403, 'message': 'The caller does not have permission', 'status': 'PERMISSION_DENIED'}}"
511,https://www.youtube.com/watch?v=dGHEQVzRmnc,,https://www.youtube.com/watch?v=dGHEQVzRmnc,"error: 403 PERMISSION_DENIED. {'error': {'code': 403, 'message': 'The caller does not have permission', 'status': 'PERMISSION_DENIED'}}"
512,The Abundance Thief Trailer,30,https://www.youtube.com/watch?v=dZSqBOcME0E,ok
513,https://www.youtube.com/watch?v=e1gkq1qE1TI,,https://www.youtube.com/watch?v=e1gkq1qE1TI,"error: 403 PERMISSION_DENIED. {'error': {'code': 403, 'message': 'The caller does not have permission', 'status': 'PERMISSION_DENIED'}}"
514,Future Vision XPRIZE: The Game,39,https://www.youtube.com/watch?v=e4rXMEOFaX4,ok
515,The Prize: A Future Vision XPRIZE Film,28,https://www.youtube.com/watch?v=e6GatPUrZwQ,ok
516,https://www.youtube.com/watch?v=eB9o1h5ZMbw,,https://www.youtube.com/watch?v=eB9o1h5ZMbw,"error: 403 PERMISSION_DENIED. {'error': {'code': 403, 'message': 'The caller does not have permission', 'status': 'PERMISSION_DENIED'}}"
517,https://www.youtube.com/watch?v=eKC_8cksapc,,https://www.youtube.com/watch?v=eKC_8cksapc,"error: 403 PERMISSION_DENIED. {'error': {'code': 403, 'message': 'The caller does not have permission', 'status': 'PERMISSION_DENIED'}}"
518,The Generated Boy,24,https://www.youtube.com/watch?v=eP3yVK3OuAs,ok
519,The Missing Link - FutureVision XPRIZE,-1,https://www.youtube.com/watch?v=eR5-B09f6uo,ok
520,The Future of Work,51,https://www.youtube.com/watch?v=eTGaoBACPDA,ok
521,HUMAINITY | Future Vision X Prize,51,https://www.youtube.com/watch?v=eWOD-Mw4vyw,ok
522,Tipping Point: Building Optimistic Visions of the Future,54,https://www.youtube.com/watch?v=eYX4OBBygQs,ok
523,There's A World Out There - The Invitation,21,https://www.youtube.com/watch?v=ef6nIpciwvo,ok
524,Bella and the Whale,53,https://www.youtube.com/watch?v=ex2tFl6WPnk,ok
525,Future Vision XPRIZE: Building Optimistic Visions of the Future,54,https://www.youtube.com/watch?v=f84aDa-meEM,ok
526,Future Vision XPRIZE: Building Optimistic Visions of the Future,28,https://www.youtube.com/watch?v=fZKCeu4g0mM,ok
527,https://www.youtube.com/watch?v=fZo3b3tMreQ,,https://www.youtube.com/watch?v=fZo3b3tMreQ,"error: 1 validation error for VideoAnalysisResult
  Invalid JSON: EOF while parsing a string at line 2 column 63525 [type=json_invalid, input_value='{\n  ""video_url"": ""https..._2_2_2_2_2_2_2_2_2_2_2_', input_type=str]
    For further information visit https://errors.pydantic.dev/2.13/v/json_invalid"
528,The Shepherd Species,53,https://www.youtube.com/watch?v=feT6pwa73xs,ok
529,The Soul Trade,52,https://www.youtube.com/watch?v=g4PWw8Wj1h8,ok
530,Somewhere Past Midnight,52,https://www.youtube.com/watch?v=gCtlJKJ4mRc,ok
531,https://www.youtube.com/watch?v=gHbipty5VKk,,https://www.youtube.com/watch?v=gHbipty5VKk,"error: 503 UNAVAILABLE. {'error': {'code': 503, 'message': 'This model is currently experiencing high demand. Spikes in demand are usually temporary. Please try again later.', 'status': 'UNAVAILABLE'}}"
532,https://www.youtube.com/watch?v=gOEB6w4gONQ,,https://www.youtube.com/watch?v=gOEB6w4gONQ,"error: 403 PERMISSION_DENIED. {'error': {'code': 403, 'message': 'The caller does not have permission', 'status': 'PERMISSION_DENIED'}}"
533,https://www.youtube.com/watch?v=gPFLPXg9tIY,,https://www.youtube.com/watch?v=gPFLPXg9tIY,"error: 403 PERMISSION_DENIED. {'error': {'code': 403, 'message': 'The caller does not have permission', 'status': 'PERMISSION_DENIED'}}"
534,D.M.S. The Empty Seat,28,https://www.youtube.com/watch?v=gSTHmzCHcT8,ok
535,When Humanity Gave Up On Mars,43,https://www.youtube.com/watch?v=gYw4D66VKzU,ok
536,Outside The Frame,53,https://www.youtube.com/watch?v=gb7TaIeS5ZM,ok
537,The Gardeners,50,https://www.youtube.com/watch?v=gcSTLtsaGZE,ok
538,Nano Squad: The Cure Learns,53,https://www.youtube.com/watch?v=gcTxe_oQaS8,ok
539,https://www.youtube.com/watch?v=gnD2s5Yac9E,,https://www.youtube.com/watch?v=gnD2s5Yac9E,"error: 1 validation error for VideoAnalysisResult
  JSON input should be string, bytes or bytearray [type=json_type, input_value=None, input_type=NoneType]
    For further information visit https://errors.pydantic.dev/2.13/v/json_type"
540,MAREA - Future Vision XPRIZE,52,https://www.youtube.com/watch?v=grru8LBOLUM,ok
541,Resonance - Future Vision XPRIZE,54,https://www.youtube.com/watch?v=gsb5DrnpIso,ok
542,The Wind Before The Name (Particle Panic Trailer),23,https://www.youtube.com/watch?v=gt7e2TWeMnw,ok
543,PULSE - AI Film by PHARA33,54,https://www.youtube.com/watch?v=h2Qs6yrS570,ok
544,https://www.youtube.com/watch?v=h4iHflskEag,,https://www.youtube.com/watch?v=h4iHflskEag,"error: 403 PERMISSION_DENIED. {'error': {'code': 403, 'message': 'The caller does not have permission', 'status': 'PERMISSION_DENIED'}}"
545,THE ASKING Official Trailer,54,https://www.youtube.com/watch?v=h6KTsVSthGE,ok
546,Love After Easy,41,https://www.youtube.com/watch?v=h7FUXQvB4zM,ok
547,Copernicus: Building Optimistic Visions of the Future,54,https://www.youtube.com/watch?v=h8fgY5Qjp4w,ok
548,https://www.youtube.com/watch?v=hAn-YW95y_E,,https://www.youtube.com/watch?v=hAn-YW95y_E,"error: 403 PERMISSION_DENIED. {'error': {'code': 403, 'message': 'The caller does not have permission', 'status': 'PERMISSION_DENIED'}}"
549,The Little Helpers,26,https://www.youtube.com/watch?v=hAsJmBDIQ7k,ok
550,Syntropy: No More Dreams of Yesterday,50,https://www.youtube.com/watch?v=hDdN9K-CffI,ok
551,Future Vision XPRIZE: The Ocean and the Drop,54,https://www.youtube.com/watch?v=hHvXATmVXwM,ok
552,The Eden Protocol: Future Vision XPRIZE Trailer,54,https://www.youtube.com/watch?v=hMRWbIieo68,ok
553,The Quiet Tongue,9,https://www.youtube.com/watch?v=hOFbiigZV-c,ok
554,Varta: A Future Vision XPRIZE Film,36,https://www.youtube.com/watch?v=hRK0PZEit0w,ok
555,The Future of Work,51,https://www.youtube.com/watch?v=hSJsf5XsaBc,ok
556,https://www.youtube.com/watch?v=hWfmY5zYyow,,https://www.youtube.com/watch?v=hWfmY5zYyow,"error: 403 PERMISSION_DENIED. {'error': {'code': 403, 'message': 'The caller does not have permission', 'status': 'PERMISSION_DENIED'}}"
557,https://www.youtube.com/watch?v=hXTVsByMPlo,,https://www.youtube.com/watch?v=hXTVsByMPlo,"error: 503 UNAVAILABLE. {'error': {'code': 503, 'message': 'This model is currently experiencing high demand. Spikes in demand are usually temporary. Please try again later.', 'status': 'UNAVAILABLE'}}"
558,https://www.youtube.com/watch?v=hYFIDeFKwLs,,https://www.youtube.com/watch?v=hYFIDeFKwLs,"error: 403 PERMISSION_DENIED. {'error': {'code': 403, 'message': 'The caller does not have permission', 'status': 'PERMISSION_DENIED'}}"
559,https://www.youtube.com/watch?v=hejtKr2eC8A,,https://www.youtube.com/watch?v=hejtKr2eC8A,"error: 403 PERMISSION_DENIED. {'error': {'code': 403, 'message': 'The caller does not have permission', 'status': 'PERMISSION_DENIED'}}"
560,https://www.youtube.com/watch?v=hil2d--my-Q,,https://www.youtube.com/watch?v=hil2d--my-Q,"error: 403 PERMISSION_DENIED. {'error': {'code': 403, 'message': 'The caller does not have permission', 'status': 'PERMISSION_DENIED'}}"
561,Avery Ward Beyond Intelligence,28,https://www.youtube.com/watch?v=hknD14q7mSA,ok
562,Schrödinger's Boy,54,https://www.youtube.com/watch?v=hpZkaFiq-QU,ok
563,The Last Archive - Future Vision XPRIZE,54,https://www.youtube.com/watch?v=hs7T1oaKNc0,ok
564,DEMIURGOS - Future Vision XPRIZE,30,https://www.youtube.com/watch?v=hujVhgeHUrc,ok
565,MAWLI: One Breath. Two Worlds.,54,https://www.youtube.com/watch?v=humgAbhZGgY,ok
566,The Abundance Protocol,38,https://www.youtube.com/watch?v=iDBjXalwPNc,ok
567,Who We Are: Rough Movie Outline,54,https://www.youtube.com/watch?v=iPgjXuSXqFs,ok
568,https://www.youtube.com/watch?v=iRGo9cN70mc,,https://www.youtube.com/watch?v=iRGo9cN70mc,"error: 403 PERMISSION_DENIED. {'error': {'code': 403, 'message': 'The caller does not have permission', 'status': 'PERMISSION_DENIED'}}"
569,Through My Eyes - Future Vision XPRIZE Film,12,https://www.youtube.com/watch?v=iSsmQu9_ur0,ok
570,https://www.youtube.com/watch?v=iTPybVXAvxs,,https://www.youtube.com/watch?v=iTPybVXAvxs,"error: 403 PERMISSION_DENIED. {'error': {'code': 403, 'message': 'The caller does not have permission', 'status': 'PERMISSION_DENIED'}}"
571,https://www.youtube.com/watch?v=icTjTruUdP0,,https://www.youtube.com/watch?v=icTjTruUdP0,"error: 403 PERMISSION_DENIED. {'error': {'code': 403, 'message': 'The caller does not have permission', 'status': 'PERMISSION_DENIED'}}"
572,A Vision of Humanity's Future,51,https://www.youtube.com/watch?v=imvfc6n07Tg,ok
573,The Strangeness of the Present,25,https://www.youtube.com/watch?v=irN4zAOWG00,ok
574,Nonna Albina,36,https://www.youtube.com/watch?v=j1G6kON03TI,ok
575,NOVA,27,https://www.youtube.com/watch?v=j1cSzlO_WcE,ok
576,Future Vision XPRIZE: Building Optimistic Visions of the Future,54,https://www.youtube.com/watch?v=j1k5YKgBMCg,ok
577,THE BRIGHT BETWEEN,52,https://www.youtube.com/watch?v=jJg1htIicdQ,ok
578,The Last Language - Future Vision XPRIZE,53,https://www.youtube.com/watch?v=jUBF-JY2-ow,ok
579,The Steward,52,https://www.youtube.com/watch?v=jc01C2qRVso,ok
580,Assembly Theory: Building Optimistic Visions of the Future,36,https://www.youtube.com/watch?v=jhcnNFOVA9Y,ok
581,Technology and Humanity's Evolution in Arum,40,https://www.youtube.com/watch?v=jxisze54-Vk,ok
582,https://www.youtube.com/watch?v=kE-tHWm6-bg,,https://www.youtube.com/watch?v=kE-tHWm6-bg,"error: 403 PERMISSION_DENIED. {'error': {'code': 403, 'message': 'The caller does not have permission', 'status': 'PERMISSION_DENIED'}}"
583,Outlived,50,https://www.youtube.com/watch?v=kKlIsDzxXYk,ok
584,Future Vision Prize Trailer,23,https://www.youtube.com/watch?v=kN93iO1mnEo,ok
585,Future Vision XPRIZE: Playfield Systems,35,https://www.youtube.com/watch?v=kT-2wfczgoA,ok
586,Five Points of Intimacy,25,https://www.youtube.com/watch?v=kU9kbhArF7Y,ok
587,Intergalactic Geographic: The Perfect World,53,https://www.youtube.com/watch?v=kfhpmQssn1I,ok
588,The Threshold: A Future of Choice,39,https://www.youtube.com/watch?v=khTngygjmR0,ok
589,The Canine Sea,23,https://www.youtube.com/watch?v=kmuNwkWscQk,ok
590,Future Vision XPRIZE: Building Optimistic Visions of the Future,53,https://www.youtube.com/watch?v=l9n9GyGaGNs,ok
591,Harbor One: A Future Vision,54,https://www.youtube.com/watch?v=lGmJCOMFcYw,ok
592,https://www.youtube.com/watch?v=lHma0LlbQE4,,https://www.youtube.com/watch?v=lHma0LlbQE4,"error: 403 PERMISSION_DENIED. {'error': {'code': 403, 'message': 'The caller does not have permission', 'status': 'PERMISSION_DENIED'}}"
593,In Time - Future Vision XPRIZE,35,https://www.youtube.com/watch?v=lKEk5c5trEQ,ok
594,The Pattern Holds,40,https://www.youtube.com/watch?v=lMZmE9aSrpY,ok
595,https://www.youtube.com/watch?v=lTNnakBIN8s,,https://www.youtube.com/watch?v=lTNnakBIN8s,"error: 403 PERMISSION_DENIED. {'error': {'code': 403, 'message': 'The caller does not have permission', 'status': 'PERMISSION_DENIED'}}"
596,https://www.youtube.com/watch?v=lYhUdLmEnvc,,https://www.youtube.com/watch?v=lYhUdLmEnvc,"error: 403 PERMISSION_DENIED. {'error': {'code': 403, 'message': 'The caller does not have permission', 'status': 'PERMISSION_DENIED'}}"
597,Future Vision XPRIZE - Building Optimistic Visions of the Future,38,https://www.youtube.com/watch?v=la1aPAEx8N8,ok
598,https://www.youtube.com/watch?v=lhVsxLgtqco,,https://www.youtube.com/watch?v=lhVsxLgtqco,"error: 403 PERMISSION_DENIED. {'error': {'code': 403, 'message': 'The caller does not have permission', 'status': 'PERMISSION_DENIED'}}"
599,Future Vision XPRIZE Trailer,53,https://www.youtube.com/watch?v=li-BUGzyrhg,ok
600,Morning After,38,https://www.youtube.com/watch?v=lmEQlvf1XWE,ok
601,https://www.youtube.com/watch?v=lwV9AtefNtk,,https://www.youtube.com/watch?v=lwV9AtefNtk,"error: 403 PERMISSION_DENIED. {'error': {'code': 403, 'message': 'The caller does not have permission', 'status': 'PERMISSION_DENIED'}}"
602,Māra un Māris uz Marsa (Mara and Maris on Mars) - Future Vision XPRIZE,51,https://www.youtube.com/watch?v=m2ZkrBKacqI,ok
603,LISTEN: Building Optimistic Visions of the Future,51,https://www.youtube.com/watch?v=m7MPq-91erc,ok
604,PETRICHOR 2128 - Future Vision XPRIZE,30,https://www.youtube.com/watch?v=m7fd-9Ci9xA,ok
605,https://www.youtube.com/watch?v=mBRkM6OQZ9o,,https://www.youtube.com/watch?v=mBRkM6OQZ9o,"error: 403 PERMISSION_DENIED. {'error': {'code': 403, 'message': 'The caller does not have permission', 'status': 'PERMISSION_DENIED'}}"
606,Future Vision XPRIZE: Building Optimistic Visions of the Future,53,https://www.youtube.com/watch?v=mFKd2QH0R_4,ok
607,ELIOS - Future Vision XPRIZE,51,https://www.youtube.com/watch?v=mLPO5y_jzyo,ok
608,OmnisVibe: The Butterfly Effect,54,https://www.youtube.com/watch?v=mLepigRaGyY,ok
609,Shieldmaker Movie Pitch,27,https://www.youtube.com/watch?v=mS1PBDv_Cg0,ok
610,Exogalactic,53,https://www.youtube.com/watch?v=mYRLHOIbfNI,ok
611,Wasted,10,https://www.youtube.com/watch?v=mYqlA_FzBzg,ok
612,Future Vision XPRIZE: Bitcoin and a Decentralized Future,39,https://www.youtube.com/watch?v=mdWWOMobF-w,ok
613,https://www.youtube.com/watch?v=mhi1O0Ry0hc,,https://www.youtube.com/watch?v=mhi1O0Ry0hc,"error: 403 PERMISSION_DENIED. {'error': {'code': 403, 'message': 'The caller does not have permission', 'status': 'PERMISSION_DENIED'}}"
614,https://www.youtube.com/watch?v=mjeihsU0M-8,,https://www.youtube.com/watch?v=mjeihsU0M-8,error: Server disconnected without sending a response.
615,https://www.youtube.com/watch?v=mn4ocYVeL_M,,https://www.youtube.com/watch?v=mn4ocYVeL_M,"error: 403 PERMISSION_DENIED. {'error': {'code': 403, 'message': 'The caller does not have permission', 'status': 'PERMISSION_DENIED'}}"
616,The Making of RNAi: A Future Vision Story,23,https://www.youtube.com/watch?v=mun0eZiAUt4,ok
617,Earth Speaks: A Future Vision XPRIZE Film,54,https://www.youtube.com/watch?v=n6SoipcDonM,ok
618,Latency: The Future Is Listening,38,https://www.youtube.com/watch?v=n9Rnz0OxIEo,ok
619,W Football Match Celebration,-37,https://www.youtube.com/watch?v=nALHFeaiKTM,ok
620,Sector Seven: Nothing Goes to Waste,28,https://www.youtube.com/watch?v=nH2e11frMX0,ok
621,After the Stars,38,https://www.youtube.com/watch?v=nV_zpleatU8,ok
622,Curiosity: Europa Deep Space Outpost,28,https://www.youtube.com/watch?v=nY97MUq8gBw,ok
623,GaiaSophia: A Vision of Ecological Restoration,53,https://www.youtube.com/watch?v=n_ZNifsabBw,ok
624,FutureVision XPRIZE: Building Optimistic Visions of the Future,28,https://www.youtube.com/watch?v=nnNBZKGX0Lw,ok
625,MOT: Music on Transcend,9,https://www.youtube.com/watch?v=o5IYADah3vQ,ok
626,Meet Fiona,39,https://www.youtube.com/watch?v=o61moy0HJVk,ok
627,https://www.youtube.com/watch?v=o7-t7HsaFdw,,https://www.youtube.com/watch?v=o7-t7HsaFdw,"error: 403 PERMISSION_DENIED. {'error': {'code': 403, 'message': 'The caller does not have permission', 'status': 'PERMISSION_DENIED'}}"
628,Future Vision XPRIZE: The Builders are Coming,38,https://www.youtube.com/watch?v=oDl3Hf2Hs44,ok
629,https://www.youtube.com/watch?v=oF6VMu_JJmE,,https://www.youtube.com/watch?v=oF6VMu_JJmE,"error: 403 PERMISSION_DENIED. {'error': {'code': 403, 'message': 'The caller does not have permission', 'status': 'PERMISSION_DENIED'}}"
630,https://www.youtube.com/watch?v=oTK9OQzV92A,,https://www.youtube.com/watch?v=oTK9OQzV92A,"error: 403 PERMISSION_DENIED. {'error': {'code': 403, 'message': 'The caller does not have permission', 'status': 'PERMISSION_DENIED'}}"
631,https://www.youtube.com/watch?v=oXzGMEwBXFU,,https://www.youtube.com/watch?v=oXzGMEwBXFU,"error: 403 PERMISSION_DENIED. {'error': {'code': 403, 'message': 'The caller does not have permission', 'status': 'PERMISSION_DENIED'}}"
632,The Visitor - Future Vision XPRIZE,48,https://www.youtube.com/watch?v=o_ZoLAfEUQU,ok
633,https://www.youtube.com/watch?v=ockz4BpeNUw,,https://www.youtube.com/watch?v=ockz4BpeNUw,"error: 403 PERMISSION_DENIED. {'error': {'code': 403, 'message': 'The caller does not have permission', 'status': 'PERMISSION_DENIED'}}"
634,https://www.youtube.com/watch?v=oki4BtU3oRY,,https://www.youtube.com/watch?v=oki4BtU3oRY,"error: 403 PERMISSION_DENIED. {'error': {'code': 403, 'message': 'The caller does not have permission', 'status': 'PERMISSION_DENIED'}}"
635,Nevaeh's Yearbook: Future Vision XPRIZE,37,https://www.youtube.com/watch?v=op7RqDuREVI,ok
636,Nigeria's Future: A Century Ahead,51,https://www.youtube.com/watch?v=otJvrVhNTgw,ok
637,The Future of Work,51,https://www.youtube.com/watch?v=ousVGrhmjWQ,ok
638,Natural Relations,53,https://www.youtube.com/watch?v=ovP9nMNbnyQ,ok
639,https://www.youtube.com/watch?v=p0MuG-0h5YY,,https://www.youtube.com/watch?v=p0MuG-0h5YY,"error: 403 PERMISSION_DENIED. {'error': {'code': 403, 'message': 'The caller does not have permission', 'status': 'PERMISSION_DENIED'}}"
640,The Gardener of Cocytus - Future Vision X Prize,53,https://www.youtube.com/watch?v=pBni38qfzow,ok
641,https://www.youtube.com/watch?v=pL7Slz9x9ho,,https://www.youtube.com/watch?v=pL7Slz9x9ho,"error: 403 PERMISSION_DENIED. {'error': {'code': 403, 'message': 'The caller does not have permission', 'status': 'PERMISSION_DENIED'}}"
642,https://www.youtube.com/watch?v=pNrCrV227vI,,https://www.youtube.com/watch?v=pNrCrV227vI,"error: 403 PERMISSION_DENIED. {'error': {'code': 403, 'message': 'The caller does not have permission', 'status': 'PERMISSION_DENIED'}}"
643,THE ADJACENT,52,https://www.youtube.com/watch?v=pQ1pzNjv6C8,ok
644,The Crossing - Future Vision XPRIZE,28,https://www.youtube.com/watch?v=p_ZA4ZTrhko,ok
645,Stealing Tomorrow,50,https://www.youtube.com/watch?v=piUKVFzCBno,ok
646,https://www.youtube.com/watch?v=pmZMbz_4GEU,,https://www.youtube.com/watch?v=pmZMbz_4GEU,"error: 403 PERMISSION_DENIED. {'error': {'code': 403, 'message': 'The caller does not have permission', 'status': 'PERMISSION_DENIED'}}"
647,https://www.youtube.com/watch?v=pqty8GI9_HU,,https://www.youtube.com/watch?v=pqty8GI9_HU,"error: 403 PERMISSION_DENIED. {'error': {'code': 403, 'message': 'The caller does not have permission', 'status': 'PERMISSION_DENIED'}}"
648,A Vision of Humanity's Future,51,https://www.youtube.com/watch?v=qNNi-oVgml0,ok
649,A Vision of Humanity's Technology-Enabled Future,44,https://www.youtube.com/watch?v=qQUd6AANlaw,ok
650,Tides of Time,29,https://www.youtube.com/watch?v=qQm0e6w9Fwk,ok
651,https://www.youtube.com/watch?v=qUMc9YRyrlM,,https://www.youtube.com/watch?v=qUMc9YRyrlM,"error: 403 PERMISSION_DENIED. {'error': {'code': 403, 'message': 'The caller does not have permission', 'status': 'PERMISSION_DENIED'}}"
652,ROCK RIDER,38,https://www.youtube.com/watch?v=q_h5BSGzAfU,ok
653,The Remembering - Future Vision XPRIZE,53,https://www.youtube.com/watch?v=q_ofODknZrU,ok
654,https://www.youtube.com/watch?v=qahcfJ80gxk,,https://www.youtube.com/watch?v=qahcfJ80gxk,"error: 403 PERMISSION_DENIED. {'error': {'code': 403, 'message': 'The caller does not have permission', 'status': 'PERMISSION_DENIED'}}"
655,REVOKE: The Invisible Firewall,10,https://www.youtube.com/watch?v=qeanKW2vNuI,ok
656,The Last Unknown,51,https://www.youtube.com/watch?v=qv1TLGX8eI4,ok
657,EVE: The Return of Sapiens,37,https://www.youtube.com/watch?v=r3w0zpxYwfo,ok
658,"God, Love, and Science",22,https://www.youtube.com/watch?v=rDAsroiweoU,ok
659,Horizon Station: A Future Vision XPRIZE Film,54,https://www.youtube.com/watch?v=rDd-C5dXl4k,ok
660,The Tenth Key,51,https://www.youtube.com/watch?v=rHiLXwN_ht0,ok
661,The Future of Work,51,https://www.youtube.com/watch?v=rHt5TBv8IqM,ok
662,https://www.youtube.com/watch?v=rPfH_Tm5U6Q,,https://www.youtube.com/watch?v=rPfH_Tm5U6Q,"error: 1 validation error for VideoAnalysisResult
  Invalid JSON: EOF while parsing a string at line 2 column 61363 [type=json_invalid, input_value='{\n  ""video_url"": ""https...0:00:00:00:00:00:00:00:', input_type=str]
    For further information visit https://errors.pydantic.dev/2.13/v/json_invalid"
663,Meridian: A Future Vision,53,https://www.youtube.com/watch?v=rQzpaUU7INA,ok
664,THE ENLIGHTENMENT PARADOX,50,https://www.youtube.com/watch?v=rUOXw3QK1CY,ok
665,FUTUREVISION XPRIZE: Building Optimistic Visions of the Future,52,https://www.youtube.com/watch?v=rVjz22oMrqM,ok
666,https://www.youtube.com/watch?v=rcrY4m0jfzI,,https://www.youtube.com/watch?v=rcrY4m0jfzI,"error: 403 PERMISSION_DENIED. {'error': {'code': 403, 'message': 'The caller does not have permission', 'status': 'PERMISSION_DENIED'}}"
667,The Constellation Builders Teaser,16,https://www.youtube.com/watch?v=re4KezA40cA,ok
668,Zander and the Infinite Ways Trailer,50,https://www.youtube.com/watch?v=rgHXkkBQKAg,ok
669,The Last Human to Die,54,https://www.youtube.com/watch?v=riMKTl6Dso8,ok
670,From Pyramids to Diamonds: A Vision of Humanity's Next Evolution,53,https://www.youtube.com/watch?v=rlDcMzLNXyI,ok
671,The Narrow Path We Tread,25,https://www.youtube.com/watch?v=rmd1QQpdzyQ,ok
672,The 67 Movie Trailer,54,https://www.youtube.com/watch?v=rtXPQ7KZXBY,ok
673,https://www.youtube.com/watch?v=rvGgwMqz7YE,,https://www.youtube.com/watch?v=rvGgwMqz7YE,"error: 403 PERMISSION_DENIED. {'error': {'code': 403, 'message': 'The caller does not have permission', 'status': 'PERMISSION_DENIED'}}"
674,https://www.youtube.com/watch?v=s01PzCLdvD0,,https://www.youtube.com/watch?v=s01PzCLdvD0,"error: 403 PERMISSION_DENIED. {'error': {'code': 403, 'message': 'The caller does not have permission', 'status': 'PERMISSION_DENIED'}}"
675,Pearls' Don't Ring The Sun,7,https://www.youtube.com/watch?v=sEBM-zQmn80,ok
676,https://www.youtube.com/watch?v=sI2KYBgx7-U,,https://www.youtube.com/watch?v=sI2KYBgx7-U,"error: 403 PERMISSION_DENIED. {'error': {'code': 403, 'message': 'The caller does not have permission', 'status': 'PERMISSION_DENIED'}}"
677,https://www.youtube.com/watch?v=sIHptlJR554,,https://www.youtube.com/watch?v=sIHptlJR554,"error: 403 PERMISSION_DENIED. {'error': {'code': 403, 'message': 'The caller does not have permission', 'status': 'PERMISSION_DENIED'}}"
678,Axis by Coherence - Future Vision XPRIZE Short Film,26,https://www.youtube.com/watch?v=sLecuF-zUK8,ok
679,Future Vision XPRIZE: The Last Generation to Think Too Small,29,https://www.youtube.com/watch?v=sT3hojLoMIg,ok
680,JUDGE - Future Vision XPRIZE,16,https://www.youtube.com/watch?v=sZ2mAfSF81M,ok
681,CATALYST,54,https://www.youtube.com/watch?v=sZCB1bohkyg,ok
682,The Last Memory Weaver,53,https://www.youtube.com/watch?v=sh1oWg0v9Ik,ok
683,Nobody Dies on Mars,51,https://www.youtube.com/watch?v=spQleIK5dLI,ok
684,https://www.youtube.com/watch?v=sutO6abm9k4,,https://www.youtube.com/watch?v=sutO6abm9k4,error: Server disconnected without sending a response.
685,The Wild Return,38,https://www.youtube.com/watch?v=sxX0KXPxTl8,ok
686,Future Vision XPRIZE: Building Optimistic Visions of the Future,44,https://www.youtube.com/watch?v=sztTnzHoKcs,ok
687,Beneath the Orb,20,https://www.youtube.com/watch?v=t-YyIotCIDw,ok
688,NUMINA: A Future Vision XPRIZE Film,54,https://www.youtube.com/watch?v=t7Dzqh3sG4w,ok
689,Future Vision XPRIZE: Age-nt,48,https://www.youtube.com/watch?v=t8T6M91YXmQ,ok
690,https://www.youtube.com/watch?v=t9zF4Ww4hpI,,https://www.youtube.com/watch?v=t9zF4Ww4hpI,"error: 403 PERMISSION_DENIED. {'error': {'code': 403, 'message': 'The caller does not have permission', 'status': 'PERMISSION_DENIED'}}"
691,https://www.youtube.com/watch?v=tE6BJl_-wJc,,https://www.youtube.com/watch?v=tE6BJl_-wJc,"error: 403 PERMISSION_DENIED. {'error': {'code': 403, 'message': 'The caller does not have permission', 'status': 'PERMISSION_DENIED'}}"
692,The Memory of a Cloud,35,https://www.youtube.com/watch?v=tGFBoa4GIws,ok
693,Time Loop to Save Earth,48,https://www.youtube.com/watch?v=tMX9Ax_Oc1g,ok
694,The Infinity Encephalon,39,https://www.youtube.com/watch?v=tV8JEHGN5qs,ok
695,Hyperworld: Building Optimistic Visions of the Future,38,https://www.youtube.com/watch?v=tWZG40C9svk,ok
696,UNTETHERED: A Story of the Future That Set Us Free,54,https://www.youtube.com/watch?v=tfY65tFgbgs,ok
697,The Pulse: Planetary Early Warning System,51,https://www.youtube.com/watch?v=tfbytFSYyiY,ok
698,ThreadRouter: AI Model Routing Protocol,-24,https://www.youtube.com/watch?v=thsVazGnaJk,ok
699,https://www.youtube.com/watch?v=thukgHNDCXc,,https://www.youtube.com/watch?v=thukgHNDCXc,"error: 403 PERMISSION_DENIED. {'error': {'code': 403, 'message': 'The caller does not have permission', 'status': 'PERMISSION_DENIED'}}"
700,Liberator,42,https://www.youtube.com/watch?v=tld904KlBxk,ok
701,Aurora: Racing the Dawn,51,https://www.youtube.com/watch?v=tpu9V58zVcw,ok
702,The Invisible Night,25,https://www.youtube.com/watch?v=tqT9kVw4soM,ok
703,Mission Aurelia: Stories are Blueprints,50,https://www.youtube.com/watch?v=tsRIo5-9Jgw,ok
704,The Lightship: Future Vision XPRIZE,52,https://www.youtube.com/watch?v=tvWePgpHp0M,ok
705,Shadow Ban - Future Vision XPRIZE,28,https://www.youtube.com/watch?v=u1hS9RCGN5g,ok
706,https://www.youtube.com/watch?v=u2K708wk3aM,,https://www.youtube.com/watch?v=u2K708wk3aM,"error: 403 PERMISSION_DENIED. {'error': {'code': 403, 'message': 'The caller does not have permission', 'status': 'PERMISSION_DENIED'}}"
707,The Flow State,52,https://www.youtube.com/watch?v=u4b8mbH-JBE,ok
708,LOST TIME Sizzle Reel,48,https://www.youtube.com/watch?v=uAerRN5qV4w,ok
709,Living Earth: Future Vision XPRIZE,53,https://www.youtube.com/watch?v=uHA4SfAIMKo,ok
710,https://www.youtube.com/watch?v=uQMzmEGXwrk,,https://www.youtube.com/watch?v=uQMzmEGXwrk,"error: 403 PERMISSION_DENIED. {'error': {'code': 403, 'message': 'The caller does not have permission', 'status': 'PERMISSION_DENIED'}}"
711,https://www.youtube.com/watch?v=uRZ6vaqURY8,,https://www.youtube.com/watch?v=uRZ6vaqURY8,"error: 403 PERMISSION_DENIED. {'error': {'code': 403, 'message': 'The caller does not have permission', 'status': 'PERMISSION_DENIED'}}"
712,LEOM Official Trailer,51,https://www.youtube.com/watch?v=uU6aY6L6yQQ,ok
713,VR-Exam,51,https://www.youtube.com/watch?v=u_v9FQ5qeYA,ok
714,https://www.youtube.com/watch?v=ua0TjqpuzqI,,https://www.youtube.com/watch?v=ua0TjqpuzqI,"error: 403 PERMISSION_DENIED. {'error': {'code': 403, 'message': 'The caller does not have permission', 'status': 'PERMISSION_DENIED'}}"
715,https://www.youtube.com/watch?v=ulGmlsxsvKs,,https://www.youtube.com/watch?v=ulGmlsxsvKs,"error: 403 PERMISSION_DENIED. {'error': {'code': 403, 'message': 'The caller does not have permission', 'status': 'PERMISSION_DENIED'}}"
716,The Benevolence,23,https://www.youtube.com/watch?v=ulMqRTPxUJw,ok
717,The Echo of Amenti - Future Vision XPRIZE,54,https://www.youtube.com/watch?v=urB-8Df1OPs,ok
718,SALVAGE - Future Vision XPRIZE Short Film,9,https://www.youtube.com/watch?v=utF9L7nc8_I,ok
719,Sakura's Protocol,38,https://www.youtube.com/watch?v=utprH52NF_Y,ok
720,Whisper: A Future Vision XPRIZE Film,51,https://www.youtube.com/watch?v=vJRbjyfrtq8,ok
721,Future Vision XPRIZE: Building Optimistic Visions of the Future,54,https://www.youtube.com/watch?v=vO6OBkBXo9M,ok
722,Private Time,54,https://www.youtube.com/watch?v=vksEovYyYlQ,ok
723,Future Vision XPRIZE - Nothing to Steal,25,https://www.youtube.com/watch?v=voEBP1DIWF0,ok
724,The Future of Work,51,https://www.youtube.com/watch?v=vryUI5BbTsw,ok
725,https://www.youtube.com/watch?v=w-xB1aDAYxQ,,https://www.youtube.com/watch?v=w-xB1aDAYxQ,"error: 403 PERMISSION_DENIED. {'error': {'code': 403, 'message': 'The caller does not have permission', 'status': 'PERMISSION_DENIED'}}"
726,The Human Kind,28,https://www.youtube.com/watch?v=w0neSUdGhjw,ok
727,Grillo: Every Child Deserves a Guide,51,https://www.youtube.com/watch?v=w0s8uEnjWqw,ok
728,https://www.youtube.com/watch?v=w72d54stEc8,,https://www.youtube.com/watch?v=w72d54stEc8,"error: 503 UNAVAILABLE. {'error': {'code': 503, 'message': 'This model is currently experiencing high demand. Spikes in demand are usually temporary. Please try again later.', 'status': 'UNAVAILABLE'}}"
729,Future Vision XPRIZE: The Light,33,https://www.youtube.com/watch?v=wJmrRa68gZA,ok
730,TRIBUTE - Future Vision XPRIZE,26,https://www.youtube.com/watch?v=wPRE4qIljDs,ok
731,Building Optimistic Visions of the Future,53,https://www.youtube.com/watch?v=wW4bYWH5kHc,ok
732,https://www.youtube.com/watch?v=wbRyYz4EkdU,,https://www.youtube.com/watch?v=wbRyYz4EkdU,"error: 403 PERMISSION_DENIED. {'error': {'code': 403, 'message': 'The caller does not have permission', 'status': 'PERMISSION_DENIED'}}"
733,Meridian: Transition in Progress,54,https://www.youtube.com/watch?v=wlrtbBBRt40,ok
734,Still Here: A Concept Trailer,38,https://www.youtube.com/watch?v=wtmyWZg0jp4,ok
735,https://www.youtube.com/watch?v=wuWEgC-bnlk,,https://www.youtube.com/watch?v=wuWEgC-bnlk,"error: 403 PERMISSION_DENIED. {'error': {'code': 403, 'message': 'The caller does not have permission', 'status': 'PERMISSION_DENIED'}}"
736,ELYRA: 2199,28,https://www.youtube.com/watch?v=x-Afkg1Xg34,ok
737,https://www.youtube.com/watch?v=x-_olxFMWeM,,https://www.youtube.com/watch?v=x-_olxFMWeM,"error: 403 PERMISSION_DENIED. {'error': {'code': 403, 'message': 'The caller does not have permission', 'status': 'PERMISSION_DENIED'}}"
738,Boy and Falcon on Moon Base,40,https://www.youtube.com/watch?v=xDQQt9-ZRjw,ok
739,3033,23,https://www.youtube.com/watch?v=xF8qqLJNFSM,ok
740,The $1 Chippy: A Story of Medical Innovation and Compassion,40,https://www.youtube.com/watch?v=xIZgvAqvm70,ok
741,https://www.youtube.com/watch?v=xM2xCMVWA1Q,,https://www.youtube.com/watch?v=xM2xCMVWA1Q,"error: 403 PERMISSION_DENIED. {'error': {'code': 403, 'message': 'The caller does not have permission', 'status': 'PERMISSION_DENIED'}}"
742,https://www.youtube.com/watch?v=xMnfLUUIBQM,,https://www.youtube.com/watch?v=xMnfLUUIBQM,"error: 400 INVALID_ARGUMENT. {'error': {'code': 400, 'message': 'The input token count exceeds the maximum number of tokens allowed 1048576.', 'status': 'INVALID_ARGUMENT'}}"
743,Location Tests - Aurum 2077 Trailer,41,https://www.youtube.com/watch?v=xawtCOLpeEo,ok
744,https://www.youtube.com/watch?v=xkfKJ015LVE,,https://www.youtube.com/watch?v=xkfKJ015LVE,"error: 1 validation error for VideoAnalysisResult
  Invalid JSON: EOF while parsing a string at line 2 column 64230 [type=json_invalid, input_value='{\n  ""video_url"": ""https..._2_2_2_2_2_2_2_2_2_2_2_', input_type=str]
    For further information visit https://errors.pydantic.dev/2.13/v/json_invalid"
745,The Threshold,49,https://www.youtube.com/watch?v=xqn2xA61Epg,ok
746,Renaissance - Future Vision XPRIZE Trailer,50,https://www.youtube.com/watch?v=y4RS9oJNFlA,ok
747,A New World - Future Vision XPRIZE,38,https://www.youtube.com/watch?v=yDHndP3MNjA,ok
748,The Cap,38,https://www.youtube.com/watch?v=yLkpo69TBe8,ok
749,https://www.youtube.com/watch?v=yMmcWTEQxa8,,https://www.youtube.com/watch?v=yMmcWTEQxa8,"error: 503 UNAVAILABLE. {'error': {'code': 503, 'message': 'This model is currently experiencing high demand. Spikes in demand are usually temporary. Please try again later.', 'status': 'UNAVAILABLE'}}"
750,The Systems Compass,53,https://www.youtube.com/watch?v=yQO3d4-MqkQ,ok
751,AFTERIMAGE - Official Trailer,51,https://www.youtube.com/watch?v=yTD2Jca0pJc,ok
752,Many Lives: Future Vision XPRIZE,39,https://www.youtube.com/watch?v=yZyUR2ZCkvI,ok
753,The Gifted (Future Vision XPRIZE Short Film),38,https://www.youtube.com/watch?v=yivXyWCaEc8,ok
754,Day One,53,https://www.youtube.com/watch?v=yscwuA2wuKY,ok
755,Which Is Scarier?,6,https://www.youtube.com/watch?v=ysq5cAtAvFk,ok
756,https://www.youtube.com/watch?v=zTXxgieJjuw,,https://www.youtube.com/watch?v=zTXxgieJjuw,"error: 403 PERMISSION_DENIED. {'error': {'code': 403, 'message': 'The caller does not have permission', 'status': 'PERMISSION_DENIED'}}"
757,Beyond: A Short Film,23,https://www.youtube.com/watch?v=zYuWEFXoM20,ok
758,Spinal Tap - Stonehenge,-50,https://www.youtube.com/watch?v=zg5Ovdu6bOE,ok
759,Future Vision XPRIZE: Building Optimistic Visions of the Future,50,https://www.youtube.com/watch?v=zoOzgX5TIkI,ok
